Title,Company,Link
"Intern - Support Engineer - SAP User Engagement Services
Intern - Support Engineer - SAP User Engagement Services with verification",SAP,https://www.linkedin.com/jobs/view/4204870148/?eBP=CwEAAAGXJd9zFLm3RNynMnGnrdRV1Oi750wT6rLYTjq3zYe-oTP5JfaNa9EsTtp04S3cu4zwCjYgZPTyIYetoDhVV7zReun7oUkOEcsahqTkqGo2XJHRLGwugbiwxEL6D78pboeoToh6cJ713KWxQL8W__NdRSOACG_fvAt-vDC2C2-ba4J5b0pvY-JZoBfTIXJsUHPf7O1WATZadCGPn1wU4_UyW3hQfnM3Waito54Dynbp1xM2nG0U4mk-oRayvy82LuBp95PMTZX4NtzZPrb_XOt3mPEzuFBcMN55FALXQeQtd_hdwJfY31m1gFEFdLkeX5KrknyMW_m4-XEZjgv2_c4JInke8NSpqmCxn_hphL4FNjpE3caZHUgCVLmt4XUgE-rUMKtkfwDTyQbm4I8n65xicfP7BBkSegWD2k5DtuV-Kz0bbMtyYmQBDlDZKZoO0S-4Fq5qDLGQPH4ZD5UEQ8iNyT1OnwPO40OUrtL8Nxy1uUXoSUcfDv6uNSopkM0lt8vzRMo&refId=iphp5BssM0PYZPcWZ83ZLw%3D%3D&trackingId=QSK2IJZymZ6gwIqlQ9ATog%3D%3D&trk=flagship3_search_srp_jobs
"Professional Services Engineer
Professional Services Engineer",Apono,https://www.linkedin.com/jobs/view/4233603398/?eBP=CwEAAAGXJd9zFDsMCfItuDxd36NBHnwUq4z-8OtxYZdQaMHwcJHkgso4BefA1CuA9NZi07JymJ4jqfKuQcpKxjwUGVDipJjxXOTZl8WXwv7Mz1kuS5Bs_jDIpvLxMe_k-WzXjlYeOkogKCZrsyFNOs5Aqv7l5PfHEPn8Vm7pDjtULVz7-C3EaHUojmoXXxPx5Doh0h9RSd6PF7MAZ3LlxOHaxymwTsMetDq-IX85d8qqS4jsP-gt_FoEzt9AyKc8mag5Z-RsGbTWeLUWF3Fi6TCP9i8J-F7H1JscbtBSZOE31ySMrMtcAMlEhZtDVYOPOGnW-rmHfJzf7QeZ7F0rgei1lCtyk7wGSoOOjJ5EOls9qn6MtprG9bHKUvprC0xy7-hrWEfiLb9O33HaWD9JfrTQSJX_OhbC_RBt7lCGDitMLXSWLvd8oDrSStkO-uDu4xgMcXT8RityLBFGMN0ibWuGXAgtWzQ09V8sInCmJxvlpLTW7diViF3yKdYo5lfpvSNsPuiAaMJ2ORg_L5HGmz7h5Fdsybo&refId=iphp5BssM0PYZPcWZ83ZLw%3D%3D&trackingId=zJrSiWJr4AzVxceifgvpgw%3D%3D&trk=flagship3_search_srp_jobs
"Automation Specialist - Temporary Position
Automation Specialist - Temporary Position with verification",Mobileye,https://www.linkedin.com/jobs/view/4235861369/?eBP=CwEAAAGXJd9zFFJiOgsO1fJWun5Nml75pFjG98ysOTWxtAT7iguREoy7RnbJQOZ2y96E54WEqZL1PCxGLYSc72_f0NMPDuHWGy6DYjo0YOoT28oDDvBW5PL7hFnrg-v--Znwe2-rMsgVhf84TEJIEZpEnq4svendd-Pp8YpOtRxzyPzQpcWCHyFSaxg81VSmlrjYdjvOO6qcsc2gzL8bErK28eSG6t3mNpyPOu378Xt6ty0ETTiLInc0M-yykUJ21Sfhm4HpkYbeY20T1dv9_c8MrWgX4IwLD0yIRcGszgd9LfFI17pfycWFwWGFEj6cixR6dfHwPxUHT9jsI9gWPvdmZsKbH7zjed6v6FCXq1HYb0ExT5NCalyE-s0J7aEXJ9YOGNxlgQt6gJD6tXVBsvqZvQMqiZBrlf_MKvlapnktX8ZceL8cFYS9sZDx-lXDkYncyfuJ5pUZtC-UYTAS07JdJ_818YAs2VdQUlIILbKsVV83jAGKzaEg9X5JDhioKeJX8pDj&refId=iphp5BssM0PYZPcWZ83ZLw%3D%3D&trackingId=l7X6zyYTyFOQhkHa%2FVlRQQ%3D%3D&trk=flagship3_search_srp_jobs
"Customer Support Specialist - Student Position
Customer Support Specialist - Student Position",Rapyd,https://www.linkedin.com/jobs/view/4230284113/?eBP=CwEAAAGXJd9zFPQGcw-_bZMWDaHN17f7IunwUkauth-kgigjoPthKWYiIVygsATCaYcM3yklNdMHvcbozB941-XIRSISb5YWNzFF2Adao1WJOeDF6lnk6EzBrVo5UXIvyJewqgoxaMObawXd9CrDlT7n7plZkF1C9ewAwyZcT9nIiXLzhhEio6aNxqTczUoEQ_Q5pFhSLUqBbU4CUWw60BYGEf0wdhn2vBXPXfYhBhxzk95bl_E61kvR17RrMVlaC7F_4gsaPY9pw_hPLRcp-iGwWWkDv5Yy0NWYFqHOdKgstkV-UaSI7tZGeO_4DVzU0syqiOyYON12ozjjfB9C3rtsFa4fgap63Rc8MKwaCi5FUids8Guh6NXtJPzUkkFYTOom_i31r9RBeMV_4mxlObzRe7YrykPSBEmF5tg9KPVJmjUcWCAa-yW8Z6Y6SQHKhh75h8GeowSEiLB-u-_5LjSZXByHfXT3lf3FdgUyES9nEq5Oy4zN2PWUwvNE3JfWU-MhG022od4jNw&refId=iphp5BssM0PYZPcWZ83ZLw%3D%3D&trackingId=vjZ9dabsK8Wj6k2V9z5H5Q%3D%3D&trk=flagship3_search_srp_jobs
"Junior Marketing Analyst
Junior Marketing Analyst",Persona.ly,https://www.linkedin.com/jobs/view/4232393009/?eBP=CwEAAAGXJd-W6cO3zHwK-_VqOLsKPv0KR2pEVKNtLTD81EawOedzURutpJbnaKn3YdDc167hpcvVWtjbjrI64eVUuaFzyvwkFsW_ctW_PvIqBqRJO5m1U-4C4-IEYdJcgIpUE8W8Zs2kGdFaE-E3ca_BkV8_hHoNwIuKcTgQB5fQG7eolbnsIZmLBwtY-uFWjDiXDFbGoDWPOJS-zrFmRHd2bOVoKs7SKCXyI2pp2Ss3DwbjZcu3vdOx0soLtvUoVKjvclDvUzQA_QdwnsuWKqu3zfWFGWunpaIjA151DXMWp04935MuQc98FlTM6ZaBz9f9XuhhogTK26JwWdbi5DZ4Bk8Z9Zl7vvFOvrBWNivpL3z8bJqyJutD-hEDWx9QXFxS_OP8oUG8Y1DZmCrkBXiqPi_-IkzV7yFojIY3ktEl9x80bhaq1nLPwGRDrbcpiCzsuSWlfs20jVgBN60T2BOLUUMUuJLkCB4RadlRn9Zg60Eu7_tkuKrBgAZvN7_RkCNhPi7Qs5bVrA&refId=CG8Scp%2FsWuG%2BnV1mqNaOsQ%3D%3D&trackingId=yMSAH5fvlu%2FZRh7JRPRyEQ%3D%3D&trk=flagship3_search_srp_jobs
"Entry Level Penetration Tester
Entry Level Penetration Tester",Clear Gate | Cyber Security & Research,https://www.linkedin.com/jobs/view/4225643197/?eBP=CwEAAAGXJd-W6QZcr9ZkgzGGK-qYkr6GjzqwHWvWo9oX2-1Wz9hrrnLASdCo1IrZtR0wFk8geNAdhlaY8dBKUZX9I2Si5Wogx7C4KPpMJ_xcKzKOD6UfZnK9rHdC7ayPMhhGcLMl02Pf8BCnOqaeaG0kmFxMNTyeseFgfRlV6u_T6rxIryA7WCpw4azetp6A2m9k24g0es0Xatywj5fWSLbSnPBFW8LZJNrR-x3-IIJqXDUdR5_eA_1uPL7mC95g_zTW3wToZH4f-4pERgvImz5ewabB2vSTHVUwIYkcHdZLIBDUGCcGQixhzUoNkEyp0rzKTUvztat6VRYm74xU_IViSvyAdMMfwI0jqjc3mdGQae4_GCIvzIkE1FX8uddLxPYol82jSWYZeDosjMM6xzJKocdg7hkyD29_lDmw-DGc63nN6C1S_VYs7E8&refId=CG8Scp%2FsWuG%2BnV1mqNaOsQ%3D%3D&trackingId=GK2jJ54yYNoCtUIUa%2B6FhA%3D%3D&trk=flagship3_search_srp_jobs
"Engineering Intern - Summer 2025
Engineering Intern - Summer 2025",Sefaria,https://www.linkedin.com/jobs/view/4144599812/?eBP=NOT_ELIGIBLE_FOR_CHARGING&refId=CG8Scp%2FsWuG%2BnV1mqNaOsQ%3D%3D&trackingId=Le9PJ8WRB%2BwFQCdA6uY00Q%3D%3D&trk=flagship3_search_srp_jobs
"Application Engineer Student
Application Engineer Student",Applied Materials - Israel,https://www.linkedin.com/jobs/view/4237256494/?eBP=CwEAAAGXJd-W6Uq8IVykVNCQRHkbJOW4lh5k01_j65W2DTohGrxq3a9yYvR9D6FzQ9C_lgkmGgGUfGc5X4UeNgb0W1QQ4tikjB3AfqkrqMb-ItmlAoeea2rrE-gMyt_Z4IZ3Hhj6JN216PiD8N0jdbhosZhe9kenYwlVrEuZ5WoqQ3JewDDS7pkmoY5c4ALRmDXUVjq6e5jL6kYYp-7Beu9Ux52Ap9RkOGltxg075k546XtXxOBa0roufNvQi7mNPUbbE-kE4DkvTW6LWK0U2lk980-OQh8oLz3jo17V8-WNamBpXBR4Zq2QiB-9ClZ3XqzHxwvt4RvPI-mAntAU0eTGU2j6Cu1mMn_G9V-WkX9FdV0PkBsqHC9pHWTB5zLFgYRY1xjHJ5nL9EFhBWWgvknNR1UsCw40NkZLU6qc26tSbjHKJcqo4eq_H9sZgXq_mUGKVP3sA01eP-lc-htfD5pkfKjH-PeiF8Hq-WuSmOEFDuIoNhSlXTf2teGn4Y20pcifoSaYmWsi7L_IfnU&refId=CG8Scp%2FsWuG%2BnV1mqNaOsQ%3D%3D&trackingId=a2X3oECUkX1nopYniToJ5w%3D%3D&trk=flagship3_search_srp_jobs
"noc\דרושים/ות סטודנטים/ות לתפקיד מאתגר ומקדם בתחום מערכות המידע
noc\דרושים/ות סטודנטים/ות לתפקיד מאתגר ומקדם בתחום מערכות המידע",Unilink Ltd.,https://www.linkedin.com/jobs/view/4233377231/?eBP=CwEAAAGXJd_ObzhdmFAfixbp0SuDDvbTwpgOWQoW9gJ6TzYOsrqVpGDs1PByKqyNr_WCucXRdlOFwlpFiK00O6wFn_ux9U9AB-l0cCGL8ZicGZxOuD7CDZtRd7jyJODEyexmoVBJCc_wGzXp5OJFZ0on22NLRYuFiMWychWjy477xY_ZOb4dHnzXFYFkIT5nepNNox_F2BPkl1_pqdizjCIE2jrNsvYO2Cn7eEE6XQracc7Tf3GvO3JF5tYSAS4s-H2NAr3MZbEE03js9nitzo1oZ4QNtCrQMvI2EnLRBCvjwYV6xhr2b81k54ZK1iugTBaveoNRLWi7hJ2he-YXLKCSl5sCIBIzzqV4rhZQxdFEbTHG6LaCEjBSUK8LrwUJaNMHRIk70SHo0KWoEQx2itfnAnc5rBqZZ7tFCJ9iyky8TAQZqRQ-44AZtKgF0JEHqlQmmFpzEIdunUUh9rwTBMPM-YEvLh6mmXXh4oB6DAb0l-Ay8ehivAO7PUeLOnf5MkhlfxRMmv0&refId=X81xp9UrGz8RCyS7iJA1vg%3D%3D&trackingId=qt%2BvN24ft6bh7u%2FaX%2BrXJQ%3D%3D&trk=flagship3_search_srp_jobs
"Junior Business Development
Junior Business Development",Bulls Media Worldgroup,https://www.linkedin.com/jobs/view/4161607840/?eBP=CwEAAAGXJd_Ob1BeeBSkog63kHJswxK-gZWk3tgsH2DrB6GZofr17xbBuPRMwEn7JH-n8Cb8n_hPwtxsrSe9sMU562Yyaw7b2HwbzpaS4WvqdpjwIrl2bBUE5imkt5CJU7HidA_Zf0uNSR6qiqDTf3hpbsjexCo9_IWhfdLjyISfaDrIJpXGbAO7hTShMh6u4ZAMr0LdGMDJ_P57-RjFulHTsmth4wOkhE8-IDiJ1EEkAedWBp8cVvXKqcMklg9DVEVh4zlyVMOZ-nQMfyt4JVEcB3ml_W6_Z8m4Ycz5qqiPFEIg5RKBTn6f3OO_mV7E2p5-BsHUBsEzfApHzUI5Qso6Od58QNyU27jGCuvjm8yBBFi30SjvSX7iHz_c8d17UBYUmppFr61igsr5rp79P2EzmOcfvuD1AwMP5MpHtfeF_loSIz_OOTLsrum2H4cmCXUuFlCRm9N8YfwiKdB_nwLJyBlwnvCLZP27F3-RN3itQGrYUu07rx4pdP25TRWRpm6FaFrXhV_VBF5eDzcPff4zRtm-CWlv7Q&refId=X81xp9UrGz8RCyS7iJA1vg%3D%3D&trackingId=%2BiMk5HL2uxtp9UNzzoP94g%3D%3D&trk=flagship3_search_srp_jobs
"Industrial Engineer
Industrial Engineer with verification",Harel Insurance & Finance,https://www.linkedin.com/jobs/view/4225660606/?eBP=CwEAAAGXJd_Ob4FShtYS87n74S85LPdYNcqn9d3MrDBBZhsvb4hVreqIXUCMojA9MJD1xQyvhf8u6EudK9INNXovTl4_hpb6dL2BoWifubUbFqe_PMzqt9_y91POMPSr6o80jlzCY6UV_u9Oe77Ye46PXGyamJFmTRcOJZxfA6TGLRtsA8zSzXGjBaaOsZxPxr9Lc221K9OGvocNZYCsg-eIuN_UBZTOurlJNA50mDLOZnXI95hjq8ezQR-yOlPzRiB_erfgnBcQrsRSdgKFWvm1bPNukMWu0Ab4xEyPPmLRzDdkI_0fYjPq31L6Qz5Ed7GJVFeaFTdFKlKfDgm9Gq5HmPulc-yq3eXIy4kItZMj3nhWJmd9I-euuFQoe8_u9LCDV0AAslTOFvCPHw8Ft0GBbvHo-971WszXnWMIot5DwTw2VWTvNmOFy8SbkdXbAqhGO3KwPjDgakhgcqEVJ0-7WpSwDZo5cuD16SDzme_rH6frtzhJ9QtAOQNSPLYHHGJOou_v6_0&refId=X81xp9UrGz8RCyS7iJA1vg%3D%3D&trackingId=c%2B3BN0uWp2QIaugirPPm4w%3D%3D&trk=flagship3_search_srp_jobs
"NOC Student
NOC Student with verification",Gong,https://www.linkedin.com/jobs/view/4240319086/?eBP=CwEAAAGXJeAFM8FrlG6Bn1KZIght8qNRg8ecOJ1oTEvGxrVFBcchkLM3jUx4dMp6eUSJQsIdrhBEA1IeDFzR7qmUSThpJ6RwxcttgseXvs6JGYrEoFeXgf7gFpcYkUSr1IPVKFXDx4CjT2vMTTecRnM5xbq5eAT7pU8IyJNkJ1O41QZ_UP7K_YgCW7BeatLpyDyQnXyNrJQaUN8MXrTtp1MQhaYBWW_lmPsnXEdJdxd49_dPfGVCBq4niU2k7f1iT22gEzcoBkGNw0Pzx3LUCqkY6Ha5By-9s3LmeZtD1-ZaAtDSrGCWAHglz1Z-sf1CfRCIGOQMLrV05OnYcK2ByG7W5BhS2mu_oqyHXaonK1TJdHMBFmKiFikvTAn5ZkN1ognsg7ZGyI5xLWO-dfMi82Ywkl0UimwzsiQ8XgEUF6vQUBudfvVRKJyY3Ct2T0KLRkZ4ECbALc08AhQBPa5ZMT0jsBywo8sFQkGmMezjCmq9NyHOOen-Wa-EL7A0zvya0bxnJ8KM5JLN6qsh&refId=MxQEZ%2F%2BwpCOBmUMwjdVONQ%3D%3D&trackingId=k3v4dO%2BCnZLac9Xd7QKcvQ%3D%3D&trk=flagship3_search_srp_jobs
"Demo Engineering (contract to full-time)
Demo Engineering (contract to full-time) with verification",WalkMe™,https://www.linkedin.com/jobs/view/4193616214/?eBP=CwEAAAGXJeAFM8PjB5EoUM7YO03Fz78Ud31txSfDrDBSNpSIyqBGQrYCKGSDbsxCXtdl_f7LzPHdg1nPPFVcl3xxZpIMArVO2s_8rR61mQEb1e6x6IDuWTI4pv-VMcoFizfI98VdPFvHuaN5bMXSySx1JD7K0Peg9vuiFCYJ9fqU_0smVOwve6UpLwvzHtchfT5QPst_NeJc0yLzVtGO453r1VGE3m5bh65vs-YZtnqkn9EcM15vYrqYIfTMYP48a_qS29Mc5DEmgsYoOgcAdJeO2u4h0Hbii3U_pQS80mxpWUbMie3msk8vGqQHcYOMrPYFoEgJU7rc5w2Rqsl9_asbe8EitqjW6O7MBRsVDoTMuk5iGo2yKw-qs3xWNo3gJtCBH3DxnZYVT_2UzPMZozYYVhhjPPrLVHc4GQ02OqMuJ0-RjXJTZvfSb-gE7Rd51nZ8d1DSH7JSosbc74hv5BrrBzjqPkrz6iOjFtXoMbYdpCGRE_0BPkbZMI9kpyNzQ9xz1t5utdnUHty6rkw&refId=MxQEZ%2F%2BwpCOBmUMwjdVONQ%3D%3D&trackingId=QBIl8WmXeSYFqJ9xa34dog%3D%3D&trk=flagship3_search_srp_jobs
"Marketing Student (full time) - Israel
Marketing Student (full time) - Israel with verification",Sungrow Europe,https://www.linkedin.com/jobs/view/4204361626/?eBP=CwEAAAGXJeAFM76gxRugW1L19ezHZU0OCBbcVmcZcQm8tEPLzJPaFxvOEEiR_T4I4wexT86sbLNxPyMEmUozzE_qINwW6ERJU6pmb9WnoQi_-7Nd4Hc0D3CtuoXZn5NrTywIEhEoGgdbIkQ7rWr3JcDtwtqhd3CiS-OnYzAplxBLJHD6K153dofF1CQYAGqkMFwsDzoi6gT1mhv5I0ihPolHJNxj_kDNy-Z1IfG2JP5Bf8WKEicu_HIFJJ5BsL992HfNFliQWQ5DopMSZeKP4P-PzLMd-nphLfMO66z1cJN30lfmNCec1v96FIXKMNuVia21kh3qnyUVCn_9IAJnzyo4GkyReFk4gaY4xkn0YkKpc7Rx_mng6zcJ8v3bbnLcorOT_SE1Y7_efH3r0fwAME49jV94yh3X4zHGXlruaPcGBokEY45knCFYZcJyN1dlVFv_fAD_FaA7my2lqS7SezL4PbCuOyKwfrALvxNDdF2vp5Pth6QxBnMOdLn6CIpP7sujv-PMXkByqg&refId=MxQEZ%2F%2BwpCOBmUMwjdVONQ%3D%3D&trackingId=hjPkeLxTE1rzeBIN93NH5g%3D%3D&trk=flagship3_search_srp_jobs
"Junior Dynamics System Analyst
Junior Dynamics System Analyst",abra,https://www.linkedin.com/jobs/view/4218747336/?eBP=NOT_ELIGIBLE_FOR_CHARGING&refId=MxQEZ%2F%2BwpCOBmUMwjdVONQ%3D%3D&trackingId=NBm9NCt4M4poa8KvPuwSlg%3D%3D&trk=flagship3_search_srp_jobs
"Operations Control Center Operator - Student Position
Operations Control Center Operator - Student Position with verification",Mobileye,https://www.linkedin.com/jobs/view/4235864208/?eBP=CwEAAAGXJeAFM7afNsugHULoV5jdH8L54dztwRguQd_FZtj9QUHlLzRocbe41zQm-ZSMKQKTnSIj8oMiK-584guMlWwQOJBDlpBnFblofQs6aiaJxw_KVfmIXbV_JqTvSdfrQejyaFg9vCjDcVrsZkv8ed_uwLv2RIiVsL5P8eypggMIdTMtc2rxIwvW6xaqKDrc2X-YDKNjJ0hiMvsG723iq0YnvlfS7_srCerBoZeqS3llFVT7T9EoQfXyibmspEShLKvZAGzFjjWIUKAPED_H2ZXigQNFcHyNkN3dlZsdjYBQA2BshDx1VLhOb0TcizolbSv_VTVDXrwYOmGg3VDOFms3tIKqTDqoeapxIyrawvGMWvPBKgyEu0mr0xZjdr_ElVCH57Clp3BbZfBZbLYbB5Y2RNcDgVGhrZcJGh_zHesp00rCAnx_LKuOLjmrsOEXFNGzS5L-1746T5mA-SPjAhhsIl6RSp5Z29oIRHNz-MtjW9IQzgrO85qb9qZBKkgQhgw20H3yLFLT&refId=MxQEZ%2F%2BwpCOBmUMwjdVONQ%3D%3D&trackingId=sj5J7P76oMqG0EqIo8cylw%3D%3D&trk=flagship3_search_srp_jobs
"Junior Financial Analyst
Junior Financial Analyst",Prometheus Financial Advisory,https://www.linkedin.com/jobs/view/4217585986/?eBP=CwEAAAGXJeA7duI2Ijuf4ST5iJnUvweGwa6WgdmAwl84LoTCbg2dk9jeqA84uITmQRidF6GWuXc9AO4xBPGiyc28gFJlx9Duxs8m5ybYh2zg-k43rFlua4dvpmQZaB0E8xNPp9trgzb-FQQZb0MthFHouRzVyofU4UWhd0HcKvFK6BCGaErSSire83Jmypmt_wUW_t3a3wQJX0loy8ec8fQp0MGP1SdSJrWz_I8vH0vs4Wop9RgddzEFK2mwkO6r2fBcpzjWLbhV8xx2HNEdTamfSGkd9vKuxaMSlkEp6Kn8hZTG1HrXpQSGh6u968G2nQsoHsQnGgcR_vBGlfp27VxJZB60XsszqWfsQdipjU31TOUDoNX6UdXVTakjcHfPxkYugkGMpZLfLgjP4tib-QtJiTv1t6LZeFcdwIcQLHHcyj-z2rHsUlbkbZnV6hDEePbLui3kHS0E1lcQFGqqDjx13Ca3EM9fxdnIAhuY9h1Ikk6EYw5WJIotwQk-8rg9KgtfxdDJijvx53crAOvi_bKO0G_j3gI&refId=fTnPgFFco79Fu6Xp4KiyvA%3D%3D&trackingId=9ZwRMhMnrjpB%2BYrGcikuTA%3D%3D&trk=flagship3_search_srp_jobs
"Marketing Student Position
Marketing Student Position",BIGVU,https://www.linkedin.com/jobs/view/4237213420/?eBP=CwEAAAGXJeA7dpXtWyFSEcbkaicoVuynEiOnZicEKiXvFd015k1m4WeCtTSCMclVZ3Z-DJ9Y90Ys5pqER3EBqw-r7p-NO8NPnODMfIXhPQDsyV15hnIGucN7Ejk6L2MUh45PpaG-G7R1Pa2Gf-DCUSwt5zf9bPgEdbSuleVIfc1rcbFNAIBC2MBHrVNQRFR7Kdhb84dMVASSjWHyJsm6cO5AiPfgBMjrSW6vgEYBodj5WCeHK5aMpkDh4AbiBRNH4wEwc8JrP5SOGRzs8irFKpQ_rqIDppz5kwHrOmVZeW_vumOi4l6oWzag1Z-4muD-AajdmEu1SKh3qY0dVA4iYZ1e9GRWoDKg-wXxsoZZQQneajrlu6rKPzC2Vw-2s_Si8ac2Ov4J4h3fhrH5BFdeLObHvJps0UwAFyBg44wviDhPcWf9NSKVmfQVM-aPcrPF8wonpXJIfX4GrmuyTb7haVQxK3xJ30HJIKjJGxseSGBpvkC0OUCUmTK6Rbsb5m-IrR__9H5X-z5-4Un6W8YaWlThzQ9rCQ&refId=fTnPgFFco79Fu6Xp4KiyvA%3D%3D&trackingId=bn6TF0NkUgavRX%2F7Bqbvlg%3D%3D&trk=flagship3_search_srp_jobs
"Student NOC Technician
Student NOC Technician",Confidential Careers,https://www.linkedin.com/jobs/view/4154546104/?eBP=CwEAAAGXJeA7dsl7z3J_gIBegyHHHkqZwua9oDFbo-LMNoYMJk97D6P90f6iYiKZOpuviQyIlf9hWy-4XYAslIFCzc9CvItTOXYTAy6615XVmHDxKNkDgu4vOQqLdrptlax96qXueIHZXAFR4Zk20SCn72Jw5qkLDf40y3eW70ynv9dBm4NEE5or0GZbj_nvGexSxTdGChi6JPkM1qEHFEGNL3F4leAx8wpsVSqnc8GBDSFm4fbPXTNCKQqNuuEtgyKyikRIVXmQJSlir0FASjSQODbA4mJmCQYa53ky07NgwPqadga3g-tIbUIDpndVC-MKIp_YjknKZNIEEfxxapI7XpOGFjj9x5jzM5nnPXBpHNCpxqqqksZ3eYAfJBSfGwwC-b-wuvBspGqjdB2o0XZWvXyGNpnpAkqcTE_MWdkQ5Fw3iSYivRU18kPvcE_UkqETCagkF-pLzgl_xpERuyqdYH_sMtha7Rt57H2_21ZkMNsJpl99NPrfN5GTqxR8BtgkiRsKWqY&refId=fTnPgFFco79Fu6Xp4KiyvA%3D%3D&trackingId=MCsY5nkPUbBBXeTOLs1RIA%3D%3D&trk=flagship3_search_srp_jobs
"Junior Production Engineer
Junior Production Engineer with verification",Beewise,https://www.linkedin.com/jobs/view/4231296123/?eBP=CwEAAAGXJeA7dvDVZ62shOpE19Sr6cWsyVvqlFrxSa3NKde_auHpqLUvOYDLgS7JHqVM2v85e-OHxoTMf6tIa3_tcttwX8XmrMJ33JvYI_hzatGhUyLOUG5ESUprF7T_3JYPHUUHRknP9DKansGBd2ZOCQDb7nJh4Uj0Bsae1Cr_iq_PV-rWBx3-IbC_Q2EBK3g6Vtlvj6FoaR_quojDyKM5IZ0cL2YnboYiLBebmsWIOmQslZllaNmVw1kxJ53gk3zntZptfiLfFsNeCyo0H6S_LgOQweX9zZBV54R5q_FSWSrLejVaHl8K-0LJFH_NOa94QnHmw9hyNT234XLjPKZZ9_-jmWhtgFGHoHQ098VJT_0ehGlybW6odXuyjOdeJcFI1ofSzMNhACKYhJmk49xj2g8QASiuLT2XvIifiaAuzzelc4KRlKpaYU9cIDhr04pspMZzLefAt5kWkK069WS1o_bXUG3EKT20rfz2xQoUFRRPxIIJhXlvjDPzp3ePr4VD-Q&refId=fTnPgFFco79Fu6Xp4KiyvA%3D%3D&trackingId=2ZZEA7URA6mL1sDDBhkksQ%3D%3D&trk=flagship3_search_srp_jobs
"Graduate Program - Innovation Impact - Application Engineer (d/f/m)
Graduate Program - Innovation Impact - Application Engineer (d/f/m) with verification",Henkel,https://www.linkedin.com/jobs/view/4214613738/?eBP=CwEAAAGXJeByvy_fKPpl5IjBjiWLmBiEhzoa_WU7aX1oDwSMtRNdS3zHBHarl_yr-BX44Z9jJrLew9Ydn2IBHon1d22vnhhbCTh67fXB56toLF1P83DLKGX8iBiQZgHrOcjGOSEfxpoKqUfdvnsdZfH_JX-scbXh9gX1HMon2TShIodyRnhXA98oselfevYAJJaYgV93zZNSTCEzwqjbo7G-xY-DRoRK0NcKq0HYf-5S5esqwgkxQKP2yqdBJnflAn5TUfaKkPHsnt-sBgxRErJy0VTgGABR9TSYzBXDwp5VIGJC2D-k3z0Ngaq4Nz5k_VQbdWoBnilda8R9C--tNnjpKxFpt_y6-GCcI0cOnBgdsTbIsfi-UhpOKLCnJJ4EWjkVKkO5joZG3MrdjHu0D5DE0vFlcKIOhRiprMMxPSVGNHym02DQ36KvoBm3To1XxQ4xljVta689YM314-Rsi6uuwIi3mOPuHLntCE0G3fukThe-C_75S28o22D-rHjgiF8KQIwk69Y&refId=r4YHLyfbuWE3RiA1yHDlsw%3D%3D&trackingId=UtRHZcTvUILzDzbpojhy2w%3D%3D&trk=flagship3_search_srp_jobs
"Production Integration Engineer
Production Integration Engineer with verification",Align Technology,https://www.linkedin.com/jobs/view/4214974660/?eBP=CwEAAAGXJeByv3c9EIyzEQTQ3yDiAdyY-G8kiTTKHUaCwBX49YgqVLyvLLSy0JZQEOp1FHFbh4ZSWLsD_qJ2qFxL6gAyAePbWnbxvi1xRk4cGHLpQ6xG1tbhSBg4PcTaKiDvMfDoDSFf1J2AE_UH-dINKc-9JTLMmRWn0xRjxe_1JjAO7EINbxY2xeQZ53pfu-bqP-88XyilbU4gWPApZ0gVcaq2-H0BhMwzrFKQGNAbknnc-jUN0esoMjrNV33SgmfUoRzkmLetxVtvGYYQT8WcDkVSCNQ55fBN_X9sOycQpDe2NCyTUmcOus7OLajWvetAy-HKXrpL7QD9nwvxx27CW36gMrIIJzpAxDj5LdcyqclIeZc5y4VzY6XaeTa2cZPnN2fBVEKTODbNYfsl4RafAUfFfKdlmLfcN73KCAQNvnz6XdFmgxevchwdR2G3VWJK80Dg3GzN9cYwIdYEdYsfb8pPNVe_sEOz2rDLgztMGPU3-khAnDxdheeVWRqAoy-EMNag&refId=r4YHLyfbuWE3RiA1yHDlsw%3D%3D&trackingId=b0jXPTW3gfP8WXoVQyHfWw%3D%3D&trk=flagship3_search_srp_jobs
"Sales & Customer Operations Intern (Specialist)
Sales & Customer Operations Intern (Specialist)",חברת שירותי אשראי פיננסית-טכנולוגית,https://www.linkedin.com/jobs/view/4240147963/?eBP=CwEAAAGXJeCpxwzQJaDOXSmRkViOXs59IzvX2zmmrqgbepTzXbYJ62VIrByxMeEyg1eYTLtSHRg3YCb9lF6hBbkC9jJAGp2aJx7WLpRVCD-V5m2leHoBVZGNJ22IuDeHIYPhPXrOF14bZrFZQ8goXmk4nR2l_gGRXYdNGAAwr9jECjqFGM3FYHHqZYrdqtGtLsfFPaMXPNMMkjCUsWwP4DnFkZoQl2dF-QFVZD3_5mWjVQDHfK3_NqAiBN2xDGKEUL5PXQVhIsPNLCyk6lOZJfZ-S2yYaoW1qbvaWJsMAegGpM-JVPrDWoSh-cNBpMk5haBvoWXOH1ytTtFXr7m_7yk2w5j0oEgC27uP-C_gLfRN9bhp5lb7hV6elwG5Vlia0TZN-USG9Ii6pflZAcMSQlRTkSCM2u4CbeFxmdIAGA1VHjscVCrPNaWu37HPN1RyTOFK1d22a9MtJrB0yMKAspZ2paUMX4rhy0d5IK6kD8mjUq6WhYHaHdOkSdxV6A&refId=Bug3m1%2BCSSBPaULw1DI9xQ%3D%3D&trackingId=IVkRrBrZuJGHnaUsJ%2FwYQg%3D%3D&trk=flagship3_search_srp_jobs
"System Engineer - IOT Data Analytics platform
System Engineer - IOT Data Analytics platform","ERO Group Engineering, Ventures and Projects LTD",https://www.linkedin.com/jobs/view/4225676539/?eBP=CwEAAAGXJeCpx7GERWShxwnHRO6FC1bco_vFLI9GCcTVauFMc1JinmLqejq-0sy6XJCOLkLEjjXZTF_zf-Y4YUk8WnsUloKHBqdawuid6dGj4tA5fx2KZp6cVGOyxLK9WNtkizUmeecpoGRpNgo0jKQKxXetpKSRnM3oCPgrTSCEHjSdtdp3V1oL-3J_J4LBZW1HRVduluswI6R_hnXTQjVZi4xpabjBJbv9ud2xEsvSXl1__C_-agIKW4iVpVLajCxrmWkISeDix3Bphn46P-AAkDOMqjfQfShwrOHQfL3y2adAykMnQOjVHPyPtmUJDZ72bWylmd9me8tccE9UG6BQwVGxNfYETwaWiS3XDlJ6P0ComROCrB6kAwVoD3bWceoezZQfltcoYd6-ogeHpyYKiXkRboUJR1fk2Pi-3XBMvZ7TVgwBT7kx_4nI3smP9pHg_sqtRuD374ggNJYnc7ZI3M_9UzEiY2qiNBy6tbfy4GGyIiMzb769gHscahftXCU7bv-IztV2h9kKt5WVONfuQoWg6bB27g&refId=Bug3m1%2BCSSBPaULw1DI9xQ%3D%3D&trackingId=BrgLcw2lmmF3WPZXUUuP7A%3D%3D&trk=flagship3_search_srp_jobs
"Business Applications Engineer- Implementor
Business Applications Engineer- Implementor with verification",Claroty,https://www.linkedin.com/jobs/view/4214445035/?eBP=CwEAAAGXJeCpxz_hDGwfXCijOpvqwRcE4So-LYhy65M9AyMUhI-7q9OgwKRpt60X_O63cnq2kE7N1wl_w19nCLwocoQz6UtDnReQWg77rFZnMdW3zJlsX_r89h4frfPCA32H2qeR7shpEr1-6aqxYhC5oSM3RDhigJo1zGcx1NOPYyhK4y9LJH1e3f9J8ZtofdMbOgzfZ0VB-suSy18TKvDBySIvVclSpkQ9Pf-nqVu1JWwLeFAYE5GUK3YY1ZoC6J2Zqn_C-FwA4J4X0Kbiq61ClxyTc5lEsogTvrdCXYTvqon0hG4wgt_mC3_hTmvGQFH2zmqkUUwrLgpnwKj8XCXB9KW1EGmFqp4F2DIQArFKoOpVns0L_WkKvjxnsnYPH8WCi93MPZHieeXe_byXwUXxDNKrt1bRm2aVfynH_QyKmrbZ_67v8Si6268U8N-ZPFOoCOF-PMuN-IXLK-zTZS3su-8BTRk0dGFOLKRx2lpHiEPkb6T0cJvau-M7yGV1xlyYQXjXkAu97g&refId=Bug3m1%2BCSSBPaULw1DI9xQ%3D%3D&trackingId=RwNoEtGum7H%2FYgxKKUDTBA%3D%3D&trk=flagship3_search_srp_jobs
"Quality Assurance Engineer
Quality Assurance Engineer with verification",StoreNext,https://www.linkedin.com/jobs/view/4210228975/?eBP=CwEAAAGXJeDh8CBrWQBeHL3ida8t5XSR4JhxzUOwS1rIjMVPRmJDiBECDH-kYlEu_fZAUgptfu2YQtsBNkhUs6bDK6LPGk5ZNCQdDtVmmvq-pFE0yW6wSVnxIWBynEtQ2Gc49BYvZG4HLCGoyo-r13208wMQ-n_ge2ebmfjf_TWO9le7TgYHSG4EQxkzgyDC3jMPAABBeZRWndIMX8zM8KYx0DM9tG2RAnyDB-njUgT5lyNrbyLMy35WWrECzAlwOFYhbNroxayWXV4zcNAPyoHFZ4Yqkyb-49XrmN5jbqFlUYbIKg61JnK2vb9d1cVDC8DZD0tUvIpR18p8BPUfdjyHfcv_YkS0bJ2_FUQoq31C_PuUuFWyDVjoTQKNC0-P-58aGl__jIKeYdFzARkVwpjAhKvQd6dWXCawNcKJmqwB-7wxgEW1iEzdN07QbY_tbHG8cyPSreXWWzpYj69effRFbywdncRjQlxwgviyUDp860OQRI31gr0uwQ&refId=8LTXIw1x2AiTJZ%2BK2FGOoQ%3D%3D&trackingId=EhhFYgx21BLkXjfrdmwNXw%3D%3D&trk=flagship3_search_srp_jobs
"סטודנט.ית להנדסת אלקטרוניקה
סטודנט.ית להנדסת אלקטרוניקה with verification",Elbit Systems Israel,https://www.linkedin.com/jobs/view/4223555326/?eBP=CwEAAAGXJeDh8FGqbUVArbLeHNNtWQ2ILPtPw3s1vlSav26sLHNaFxxEiu1DHsjpic8_8czW6zEDzAGRWNMcgVu6BQRAapnNsCMyOcB3M3gIGx3XCQqwRYSY3CaqfDFDs8wkrsdJT4e_4zg_BYmVwmfhjreWAgKYmRaaQC8CKP7MJJJpi3XMV6PvRUv_QM64ohr2d-WnWVwaPLKADX0c2H1ud-IW9RxOk-1AYM4qs4fEu_MLzsNEE_nk99kcZsBhWxguxQXk-wNtG5LqS8-qxuyb1p90iY6tv1Jda3RY76IQKKQ5M1P9puzP5f9AYfyHXpLWozqHWGiA63NwP0aoqlmjHya1q4iQIwAtAhcouprCb5e-vwPFKTCUJNMtK62A1JoNKLaUFHOs1FuA53L7rbtqNVWpoaYzlOcw-_1Bo3tZx6B6aQueiKc5tQfKvgTkoBHLJ6QnBh17tXlH1BbE0-DdHACrc-b2FAovWF7xXtmmZViYccSiJHRE0Zi1l47SrKyJySQgJ_aW3g&refId=8LTXIw1x2AiTJZ%2BK2FGOoQ%3D%3D&trackingId=%2FmovPM0rPxRCj%2FaLYtcRhg%3D%3D&trk=flagship3_search_srp_jobs
"Sales Engineer
Sales Engineer",Rapyd,https://www.linkedin.com/jobs/view/4226203998/?eBP=CwEAAAGXJeDh8J7XDd-38AjJRKIFLiw_joYIg49gWm7mkEgfPmGN8rUnCeiZ3mdYfDfxao6mLEpEhJR2WSjI6vkl-bvWGM0AArBC2l7VMJXOSVriVNoLJsohkXfk6CthLfXpUu3CTPy0EIpkfownqoDP71kEo3gMon5GRFkmiROTWpGCbaKhHVN9WBe_dSn7E3V1pavGN_vtrP66W5ccwBBRW-zgkHea0-e61tROAGz60huoRLSZkL70Tcr_3ubtBydrFy5f4t3IBs0r3oI2soExRlKLBEctKFuA0KMiybZEqaAZQ-GPz74-1-ULAK5yepH4_g16qpVh87RpUrMhAGdf4Dzt5_XWJl5_w5_4pHu6jgBAXcyFY8jP1NXkNJhJzoan2ns_7X8vBwYmd30HmS8Ga5qZ0M9Jc7daWpC_D-8Za3AuzDQx1QHeA2Y23I6_ZCBBPs6xNWTJm4RoiDeI2ygjoNCxaeIgOfNKwm8tJEGMMmzRQziiIXroOTN-0BfJMkZUSzX6ZMJ1Vg&refId=8LTXIw1x2AiTJZ%2BK2FGOoQ%3D%3D&trackingId=ksYGV7Hiycaa6pX7mSztfQ%3D%3D&trk=flagship3_search_srp_jobs
"Software Integration Engineer
Software Integration Engineer with verification",Mobileye,https://www.linkedin.com/jobs/view/4235858946/?eBP=CwEAAAGXJeDh8JlbwYGrY1ohQim9Q5E2stCeSp6XZWh5y_X5NkMq1oEOMG9L8GY2MUIq0Wjlmw8bYYkBgxG7M7xW03v2AgdXJZPJHv_4OliisfZnIiArmXXfkFAyLnufz7OH3f4iT_QRRTAbGEU299LxFOcRbcMdTUTKvpYUn3KaYSJC742Qs4LL7VIgrAyc2wpeZuTFbWUcNRCrH790oF6nj9nemVTiqcE8mbKqzneH3yvlebfj7od_lfJzWCTSyJ7H6C6rXF-u46SpS7SSrTVBBn4ffgvgfGifGRfIQcCZH-wURxFwtJuIUFkye4uHjjfAAoz17lkxKmWG4zueULQSgtn4NKu-_nCChfNfrzPX6nnA-MubqKfXdnXCZ8MivWGr0N6wzDIb64K5G5YJ8BTLRaQaEqMdtITVh9ibE3yIrGaEMwJt5d6aPZUNRI3x6HqcJ-_eP5PHBeNWqdfFtvJRmyn0WCfpj3PaEm75fRw-1OZnOOTTH_9WjHb_UTOMO5aGWSvQ40aIkAYt&refId=8LTXIw1x2AiTJZ%2BK2FGOoQ%3D%3D&trackingId=xvHYHi%2BPbxGbtIuhXJ7Zqg%3D%3D&trk=flagship3_search_srp_jobs
"Generative AI Engineer
Generative AI Engineer",Linnovate Technologies,https://www.linkedin.com/jobs/view/4213163545/?eBP=CwEAAAGXJeEZv1LtjcRXFjX-HsaNTd1y6PARCibu5Nz3copor4uxC7xam5DMQf8mHsd6du7WRyafYSjhoDIFS_EiJL_W_MmhZkBiqZD6iAVKE8VSbLl0PQabyt-DGqEjmEfVbQnGYI63w9CF5Vv9jc5VPQXCyV1_5cSuEmiKr9uwmZma9Z9c_8Uz_-UeADqfnPWR8ABlQom0gnRDEQ0Sc6aBFQiyKBiWsF432PiAYBq4XsAN_j8A8c6Mcw3uc0Uiiz6JS6bjU4FY0CLcPRtX51NqT5SYrcKQdlwSPgV9tUz_PtvEhi5k9OnOjNwe2m7g4iA6Dae0Krs2uBU80RH8hxT-VbeP7yK4fJBw3EnTWInsijl3yaqVGgUbHCV0PsbQltomqQRozR3cTjWb5aeH1NOisq46ie3QSSdct3lyaXK-rLVpabk3-bRbGy6_XfIeVYfETvb-gDPtxFjrUQgSpHwKL_oDE6ilI5JdnJFX86tkH77Ez4vMLI5pzK4&refId=jq2uroR%2FBc94SSe80GGI7w%3D%3D&trackingId=dK6MmvTdw2usbhmmI9Zp7w%3D%3D&trk=flagship3_search_srp_jobs
"מפתח/ת RPA מנוסה ב-UiPath
מפתח/ת RPA מנוסה ב-UiPath",Bynet Software Systems Ltd.,https://www.linkedin.com/jobs/view/4225624002/?eBP=NOT_ELIGIBLE_FOR_CHARGING&refId=jq2uroR%2FBc94SSe80GGI7w%3D%3D&trackingId=eQCbH5UTI6MXTij5UiQ5vQ%3D%3D&trk=flagship3_search_srp_jobs
"Automation Operations Specialist
Automation Operations Specialist with verification",Shift4,https://www.linkedin.com/jobs/view/4230072727/?eBP=CwEAAAGXJeEZv2GuG3esHnvWd4ZafTDK6zNnNvCILiZDp759CMba2tcHkL6x4de3O7UjcjuebRt5VQAubuaomHf5CKFbEw2qht4KlFCIvoUw5mTLHukZOuw9HyVo9f87OYPP5ZgmJuRnrFLlXPH4zxfwD-GP40aZlhsOHET_AiHsjTV-Zyo-kDV3UUlbdzUbBDjKs1WtF2Q-qaLO_A0-OsN4_JIKUf9EOlcBx4kKBNAhqimfUqAl4ABSFkiSyu8ST2952hxojsNZ-Dbih89BX70y8olpOJzUgmhdhHuvnNjyhnyvsZK_2bMTOI5z4uT61DCT4l_6Hjmc5vLu2dL_8zjo9U0_9EGirOfg8W-UfabYeiBijv8clQBSAYKpyZH39UU8FAmpZ4MeBF1Z7rMnB1ozKBmZ0kdheCkkq-L6k3axe3yeLNKkNfKalB_FTahSTtIQECOx0NAGmQe9N1U1-P5WQDeqnzV6t2RE2MrC7Tw6cPNtHlNasicjFbyyeV9YUGufxUpqob4fx4XP&refId=jq2uroR%2FBc94SSe80GGI7w%3D%3D&trackingId=i3lNNrb2bAM5y%2FRaGmdpaw%3D%3D&trk=flagship3_search_srp_jobs
"Application Support Engineer
Application Support Engineer",Orcanos,https://www.linkedin.com/jobs/view/4197935235/?eBP=CwEAAAGXJeEZvzMvW66kjMsAdw2RPWPeNOl_rTlGUnDXW9lGp5KlkbH9PJASUMdziERz6GEyJNjutnvIeNxOWsEqiBfkI0u89xv_MdODHwJgEBtJQLRyneOoEeo1x3co7RQPo6P9C3Y-Yvfxb55xoVDIlBQFXDfF8F1OOM-R3pMPUMfKsuniWQjDIaewcvqxW-FQgvZi-s8FNY8CVqQG1vsv_rtAT9cIoVXd9sBN2dFqISAUn6mw7Ie3GccGbpWhexuZsDkbuTF8pHn8VfvxTNcGZerQXG0gOAHd3FJrLz_N6dYK29oTWoG7bIQubar8iPSXCXfo_7V_JmNW5suSS-MfxEIFkOLCDnaiQ_uO5SmxjtR5-xjGItVYE3fhaZ7t3nYXJL13T3DFpS1XcHkqdQeKHOz5lahSDY_BwgMUrZh2kF8Q5UDrwbaElF7Ttg7TvwZm6Coq5U1N3VO5gjchto8qMf-xDhxeBLOwOcEbKaqcxzrzTZpNFe4ezks&refId=jq2uroR%2FBc94SSe80GGI7w%3D%3D&trackingId=69qalEhXYCHl7iPrc9PGzg%3D%3D&trk=flagship3_search_srp_jobs
"Application Engineer
Application Engineer",DOLAV Plastic Products,https://www.linkedin.com/jobs/view/4228033405/?eBP=CwEAAAGXJeFRKZbC9fhic53hGDXFTO3TtCdzPewS7LiVtXUTSnZVy4FMtcmRpO97eIdISx0AKkONYzSgGC5CzOap7-qwk26YKC9jvZrrEARb7nARfLhjUkkrmn2Yi7mcsU82sVjczdr-oTCDeduIaXSdd4i8_UFtg2WHrl73p_zdP4oxVzi26ccjfkR4MY-rCyVHep3EhWS3C-Or26lCCW_zLod_PNWd6kAgCC0KwWoz8HOxifduqCg5lI3TytGj91Q-D-nEwVxpSmtSZslPmih9cn_vBZ_blJQtk46AX9V7ennEydQjFUW1NHowpi6er9hCVx0B2f-N6CF9NDrtpRfKavMSyzjP2MFOYvtQ411H1usIDg2lnr8z3V8ZQiL3Lysg0tdTewM31Mk4YTjnW9RKQv2fUfytmIb_WYJT0sgm2Az7oCl9fBC4MJgRH8t7MYwZx89QCyJ_u7t9ENRlkEH0YNEDZAYrOUa59UFY3AR--HrBIycOngyFYj93I0D9MGvvF-_5qLZIdYPL6q-lW3mKlg7Xag&refId=lFJ6hnm6MSuh4CyV4WNlnw%3D%3D&trackingId=WTw3Zo4LX7dzKh%2BvEjBxWw%3D%3D&trk=flagship3_search_srp_jobs
"Student Content/Digital marketing associate - Haifa
Student Content/Digital marketing associate - Haifa with verification",Cydome,https://www.linkedin.com/jobs/view/4234591844/?eBP=CwEAAAGXJeFRKV7rGDd3W7XcelwfKJJJqkbGePRIbBLpan27gmtyQSQAiVliMQzSP-5GPCtslhoQWzwBvvXNyBc60cpG6yAQHjCqMyJKfjWnQzgLrspcLsfUyePpNmDlBjLSg1kX-GrM3iYItZsYtQR5MIlhoz7taAuqn3yQq9HoF0eZODrlc5Kam0N2xSMpS32QE3DnRW20e_Hcc-IPNCdmEHRhWJFLEBspXyPzAZ1nBODhpis0DV5teeQCsA7Ectsw3NfCyLjyAFOdgIGPS6OtiRJYP8Xp53IXnef1iMyrzIrq3iNMHfVr1DPeuoqgOtH2is7rhxBQyIsLz6XaC69jUkcVxCLcunS9CyxHa5xFO2Eulpce_XOks7h4FWvJ0vk82WBVGwTx1zuXghvd0d7TaxJmLFynM56lj1aD3ski1C9jR9Ih9RA-NPQIwyBQrjsW-zc6Sxr8mfBx3Vtma8-REFSgDa4tbyNsqqmJXBzzHq2kP3IoIroK&refId=lFJ6hnm6MSuh4CyV4WNlnw%3D%3D&trackingId=VsRqSoDtd2La7C09tvz4Qg%3D%3D&trk=flagship3_search_srp_jobs
"סטודנט.ית להנדסת מערכת
סטודנט.ית להנדסת מערכת with verification",Elbit Systems Israel,https://www.linkedin.com/jobs/view/4234999375/?eBP=CwEAAAGXJeFRKZ3aQoE25ppaADuCR3HqqSzp4YfG_U3k6bcZpFb3HUwO8tl1mLYIEYsdhr4_-NpzhxLFj4RM1iT24BypJi5YNlYGsqo43CvacVVg7Q4CDjTSpLoJpuc9hJ_XQW-1-TOfLqbuYI6xJsZmUQscNphgYP_IQ-w3qVlG3pIEytK2grP0kXCYwIt-tkKBYa8YJLOoB-2TI7R7HFpT04c1bkS1_xYB4voqmDtKPXK8W11iCWCcH-ECecBDhtjqVr1p2r2TmKeMDzub9cKBw2fqXyj5iSdL8w1Zh43yBlX1albuIoQXMEqCuL9Kd6fTPCHWN1dDOfrjqslbUGKF3VqzAbpvQavToC2z3LaLWc7M2aHWu9oTmTehWYRh-wNwug-y_R0HsyaiC16rCGbdcvXfMw1FFN1LVZCUrXsssAojxt-Ed9MYnT9lTepQUbbxKwFFO7_KTZEPtI1ik6vwDDt6OyBU9fRyhsFHnY6UMt-t_qe6lUBoielJdG6-qQgLxOqE&refId=lFJ6hnm6MSuh4CyV4WNlnw%3D%3D&trackingId=Ngq4%2FqaZuSNj%2FKG6%2Ff%2B4Xg%3D%3D&trk=flagship3_search_srp_jobs
"Junior Cloud support specialist- Kiryat Bialik
Junior Cloud support specialist- Kiryat Bialik",OMC,https://www.linkedin.com/jobs/view/4234903291/?eBP=CwEAAAGXJeGJK81aOF7fjUI1T53k1Rm47izEYnw4voBHKClgCKOs76yLTFjbJJAHJD7_JhdesD1ME7N_HGPpivEpuTX9c_g_fzjw1I0Ma4OSQFVz48Rv3XBA0SDTs8jvtU1u5yWWg-2lad5l40rI0eMyoHObYkXfT5mnoa_dxZiuJ--PTqLTYthq_46MnSdJi2qzENLmkyx6-ykE7rtCBhhtvlPk2M4scwbFZn6Axpt2NNb8azAPkLgmG-fKhAvDp9vdiRneL_jBvu5Ivr5B8oYvnYQqguFAFn4xWS48k5zqAsJ-llCd8du_57w3LybuCwLe9kqqw9pvOfoQdAEGj_jShpGmI4Cc9uU8-C4U8D1WOQnQs3OwizhgiPi_Pug2k2tqGQ2AeVQ8ag172XVVJihZ2kSFI1O-k6LoMWrOMa1WdODZmsYcJ7Lk__b0HuAp8fmvFFKG1SdcIDhyXwXGS-4O0J3yBnTYe9ueZVVqMi4xDFN4yEHuP9jnzQA&refId=yUaVVug%2FY7FAZzyU9ARPaA%3D%3D&trackingId=Dh3lUa0OAuKTYjInjZm6DQ%3D%3D&trk=flagship3_search_srp_jobs
"Developer Student - SAP Build Workzone
Developer Student - SAP Build Workzone with verification",SAP,https://www.linkedin.com/jobs/view/4204869386/?eBP=CwEAAAGXJeHBEB10gE3CM-fXrOe2mpgm92oFmg09hbOReIV5INjn1SCcd7oZXwI5UJKjqxJPBtWG_ju8pFhw8FQDydlpagXvHxpPg8-3jL1I2cn0e5phYRevRmYoMlSWmjzWL7ZiqPdkwHC9Op2r03czU8D7Y_pQyDHsiPBBdB37mRYTqZp08utC0l6kHK0Qjt7RcvS1eJprGe1RRcBCFGH6ViByoXSqGoEpv2i9e6PM6FboAhALd2pXFa3AhQQFkAjTYXdRaVQ4xIjE2YeviwJ9no2gC2-R4MvXR6Kdk-0JdeugjpOgYfGK_TBEmlcFLDgqH8xv6Tv3t0wF_DPaB8r_yJLSlx05Nlv_SXCvc2Asea3VlQu-Ek7-kkEEp0_5hcerw761LllFd6lw3rTB0xDjddSUOWd0yAfjDs7V-YirwSA-yP-ImMFO_eqvxpzhANC7LHIwZ9Kj8T2bdABzPlX0Z1_c-1n7MpgML9Jo-FNhyQLkXBRiNEj1qpQgpZe4hXnwYINw&refId=sijblTpUJoacmQzbOpIJeg%3D%3D&trackingId=cqVp2Rq%2FQoc8Bf%2BLIL3P7w%3D%3D&trk=flagship3_search_srp_jobs
"Automation Developer Graduate - SAST
Automation Developer Graduate - SAST with verification",Mend.io,https://www.linkedin.com/jobs/view/4212685310/?eBP=NOT_ELIGIBLE_FOR_CHARGING&refId=sijblTpUJoacmQzbOpIJeg%3D%3D&trackingId=FgF4elYpZkFp91A%2B1YAzBw%3D%3D&trk=flagship3_search_srp_jobs
"Solutions Engineer
Solutions Engineer with verification",Entro Security,https://www.linkedin.com/jobs/view/4212030954/?eBP=CwEAAAGXJeH3jfRsDZokLWwrgnyggrujiJbvr2LlB6yfALqySHP9QMIMhK4vWIqS_yy7ZiZbSS5YoXM62fGbykE83ViMvXQLQhnkQcYvOlANXTq6R4XHNeVJ0DGbqpzJEAL_rP8E5kwG70n82Ui9YoKnd5RvKDg7CsTlgHs3o59TE6nUuUM8KUp8qWhSr3KElDwKYaS-9txNgtKKaXShEvi3KKQi5HGraeIuAyoNXec8MeKZFZrbCp5jWLcNvZ_rPUnsCQ3F7XGjrblVf7HuadeoZQOJtztWb1RsGnA9pKLnc5YvUmqqfN80j5CT_X9_7ELLO8AE4G4I_PSrUh6IE54pY-1UUqrnOL5jxo8Vbw7Y-ygTwXFOhFzfJbg5Vy-0hLBnGGrTZthr8cYrTLdoVq3XAT_BQFAqU7dxXNKj-YCth6T1YRkS6OJXuu8cnGjsp8MOHcWC26rZE967WyWMEXUI7YW0E7SCiOFP4rUml-Z86zLXCCIM16SyB3YqhgVGmFfOlDaC-9PLw3wnBC0urXH2D4yN_hk&refId=xTRFNKEnm2BdqKvq75xVcQ%3D%3D&trackingId=EqbByaMVzSJBQWGqNJXnhw%3D%3D&trk=flagship3_search_srp_jobs
"Junior PPC FB
Junior PPC FB",Quality Score LTD,https://www.linkedin.com/jobs/view/4236080702/?eBP=CwEAAAGXJeH3jZeVZcNI_wHo5yEku7nHCB4hf7Vl3cV5snrV6wCvKom5qjhgRTQ5t1hcysiwBRcLb-0G5patrt1U2iFhejMUKkyJ-ubjq_4FlHh9_qZATM1ieXgrv12Ue0lYx6yj-I4CULaN2vb1bbnpiUtqU7G4We1x0peMyElBy6p7JkEeI8Cuj3feq2QFLrYDeNv8Mf5zn2TLG2h3QCBVLG2viw0XiFRIJmgsBTF5pmwsrryrvYOZz8TX5ZT0o9uNJN09xc3yVer4oKGg-mS5B_AMUulwzWNJ1ZCwsuDT_JF6jY-CMC6ZwaLPpC8-qTXAwM-hQ-icXTB9xyZxR_8pHCuBsnxAnjk1hBE96U1w3pIDXjlq21hrluGrwP-tJdBSGXagGhFp3D37QAmEwKn7eSoItSyH21mjh040mRMVX1NGr1IeqEIucQIk5zkL_I_Wdz3pKdARWG46nj1VWstPLDbW-_h6xrfgdM5NrjjbKl15-wXEsvTZRx67m0cJToNgaknMi_k&refId=xTRFNKEnm2BdqKvq75xVcQ%3D%3D&trackingId=QZOsm6L5YRad6jfkH5MqMQ%3D%3D&trk=flagship3_search_srp_jobs
"Reliability Engineer
Reliability Engineer with verification",Rafael Advanced Defense Systems,https://www.linkedin.com/jobs/view/4177545002/?eBP=CwEAAAGXJeH3jSyCw1KxtfNBilKkqk5vm_aYoDmDKxork3zB4IYI4nhslYjpbGfFSRswB8NpoqA0VPbdbRnJp42rqzrrsSU1MONk95fHv_2RW8swxeyW4rIcxNhF6q9_oYxEUpI5bhsNh5SF3gKdmpxpBI656TygVOspappVCYDT0n27YDD0EGWFc-jd5wNotDizq_Lvql3C2pJ_jst0XucYtlSkAVG4RMMX7cZqdAsRobaP1AW3kgh1DNsZXh6GpP3SLe3gE8tS7tXsZOqOe-R0n-4XP4cZLWGSH0uAon_vRQ6uOz0Y3wEjCrTV2O_uYYniECCGKJiqAtY5WFfnjmMJl6BoLIKEwJrT2GiTU7IRIBRHmmBQLH1T9yMBLzOxkpSJqayxgkPUE6EdmV_tJkvNTaAs7S3jktggi88XFqTjsc0W8-fbFd2CoQNxKWUvTGOUYyx-IDOCfWTU0V1i6oDazyO2WjOMEyFfTKezBsJ6sSF8i0KbhiQZ1-8cDnofquW0iutYbiU&refId=xTRFNKEnm2BdqKvq75xVcQ%3D%3D&trackingId=Ky0eC7g%2B5XJ9Evo2H9DUkA%3D%3D&trk=flagship3_search_srp_jobs
"Test Development Engineer
Test Development Engineer with verification",IAI - Israel Aerospace Industries,https://www.linkedin.com/jobs/view/4115924301/?eBP=CwEAAAGXJeH3jS-d6aYNhJ_Q6nP4ovYtxxVQ_lpP4omvoIuBm87euOg-tud9guYvqrClrViIqf9NgIgC518rsRiBD5hnPyFWTRo7AuE-nphp4fFxWFUjLXsLt_BFH5eOuuHCriUBHHkgS7Co1Q8r8OhvBAyPxeGyRcAcS38ID2_OlbL-YNCgLh9bpYfV2bD1Dv53zKHQZqxGwScccRagfChaMjrJlwSFo08hSrcetVRvEG9KTiaYddCUGbdRDRbsN4jcaO3veoNeGJHr91kh4QJWe487I-3VJzThHUQeGO-jXAjGReON20hOZ0fUqvlGxVBaDVcr_UrwXKf-m3rnbSC06LFKRaerEY1mjXWZx6wJNXjGnBZoHpURxOjzBL-pP30noHg-RpytNo0OanReunItGSrywEqgsXtokpp9Mp9rVqXcxHObWfx6wIVgAv2klwKYserV0gHF2xMC-OkWOvGOKXyVSFQkkRYcMW7PcrUoP0SeUkJhIAOhNaW4_Lrd7HsKstpH&refId=xTRFNKEnm2BdqKvq75xVcQ%3D%3D&trackingId=uNlXUYpXbnTvxeb8%2B19m0Q%3D%3D&trk=flagship3_search_srp_jobs
"Technology Recruiter - Student Position
Technology Recruiter - Student Position with verification",SQLink Group,https://www.linkedin.com/jobs/view/4236672059/?eBP=CwEAAAGXJeIuoxhzp4QMTi-neGmRogJXnafbGQM2X5KEIagt9BB3zdUe8C9Z3VuKRUDEb9dnxQStJAJmBOWSEQhx6awtSdDKMiryyhclApVeOhhVN62LJtsMDuPD7a_lx2CnhgHm9EmKvTN-p-vG3lEClGhs8DcQFdnvnb6_gmpS8EEb4xkzrT3qAF3Hvp9foNpQIGl5aD3_QI0smbu-qcJkihRJmBpKBcOoYPDFeZD1YASG_twHRmyEM3Lvuc9kxYbbOrEvwiJXbEP1kDXeVI7XkVuuoqaGvvQphnIgVJhpHYJ0QT58pSntUVgHOTn0RyrIq3lDLGEz39P1_8cl0qdrcLQdJvxs2vdkZYafPiRLAc_kWxRA7TWVB7pWF60O-_d5Z_M2XfZ2DkJYKWM8opgFL4gzWZ5Ug9a6_rCX1NW0RxD3acevGRiQPTNdcIR4j_4-oTtl0quhCciApoNsflLxJgoCgeN_luF_8y14mAUjdF31zUYuUitLXVKa5UjJUwybY38tYsO_2A&refId=%2FfAkUkZptZP7rQY9JWfLTw%3D%3D&trackingId=IAOYrdbsAmAqhbmQSRqfFw%3D%3D&trk=flagship3_search_srp_jobs
"סטודנט.ית לתפי אופטיקה
סטודנט.ית לתפי אופטיקה with verification",Elbit Systems Israel,https://www.linkedin.com/jobs/view/4200610984/?eBP=CwEAAAGXJeIupJuzK0pS-PapozU5FPO3V-mzCbkoRyQnLzrCs3qv_XBEPYnU8F5bUv0gn7QenQGNvd0-ul19kZlOT5AfYhNR5saim1n_YhZ4f_CkgxnqjO9UDbnb2M_OfEFlXsLxhnhMa6s9DkUziayrF6VcK22wX_oi1Q_uCFzVpPZSzqw4qyC1wj7Z9MNHq9v009H94Uj8sAHShlmzMmqENdxrjtyCLwNk2r_0ySMH8uUwJNTLv1QD9gDrIAoWt48eVOQczi5BcfXb_iK0e5OrS6ni8vJVFsQARHyeoOG-SxBwmt8JiTVdjWjVJmgHlc_z_5eBb7OOWVVINRsBlAKYK15xFAxYu7AVxJJ5ilNKydax_tWPgpmMiyk0oI3D3SH4HDfwmkjU-hQEsy3MX_NFCzNCPYZACH3s03rfYZGw2vOc6O0fr7d0yB6NaFyp2PY5AEnEDZCiJttx9niWz4XRj7ItTKUGuOIoJviXETe190v6TZsnq-XCt3obQomwHVIBPw&refId=%2FfAkUkZptZP7rQY9JWfLTw%3D%3D&trackingId=w7gOBz52Ow9zhk0DptHdUA%3D%3D&trk=flagship3_search_srp_jobs
"Practical Engineer
Practical Engineer with verification",Rafael Advanced Defense Systems,https://www.linkedin.com/jobs/view/4095890467/?eBP=CwEAAAGXJeIupIOUfybkmFKCLj6XCgduB_JlacteM4SKr6SMxgUXzjlqsQ5aGtoF4LZbzpgahDj5k2nOuaEAedxeD7NPsEdzyO_ErkKgR57b0b4lQ-59w9k-cjmm0qsiopc-HcgRRN1LuWLBP78YnoHFYRHXKAc0VD2kTHeHnKPKnjso48Eb2fAUQniXSXaeMbZ6Bf2gHPS3nVbWN68JuJvlKiRaamX3wBjcLxKLIWE6iM2O8vCQ0EkBrHqZM2lg1IC7EeGA4_iXW0F5jFy1jhwpqo3OIHMiirGj9E1RzLGuG8mzUgnOK59xc12tnw4W9J89C0Jcilc5FXTZUS0oUzJU6culk04ei0uBbhMp590r6AbUyq1er4KNBhqTxnRi2ujJFvqfTEFEMjhatnBXUyl7nIC0zLjlD3-A7RuOPePcORH0h6f9sy4Fct-B-XnH_tdpwllH4uBpUv0GsF6mFM2j27XuyIOmOhqUgzD0qtdQduv5CGG3D3AejjDBMW5sbtm7rrNS7ARhlw&refId=%2FfAkUkZptZP7rQY9JWfLTw%3D%3D&trackingId=gFA5Z8c8tbUzdq%2FMh4OI0w%3D%3D&trk=flagship3_search_srp_jobs
"סטודנט.ית פלנר.ית תחום שירות וקבלני משנה
סטודנט.ית פלנר.ית תחום שירות וקבלני משנה with verification",Elbit Systems Israel,https://www.linkedin.com/jobs/view/4226403582/?eBP=CwEAAAGXJeJlfYfVEXAUEW2n_rLUiLCcy4W9WqWbTyfu44FTYXzHG6UtMl5yE_rjoSW76oj5rKwCO8Ml9vT31_yjKqu8DhufZ2NXC4dV7GMcUG8fPGDv2pTLPXcV91D9PAwOUVU4id5yN-b3fSVkNpTxU-6iR7kJGbD5xv93U4A-Ktk1FF5yuKzvoY04uK-gKsdnUel5IhuOLGLtgxA2AfDkjn14h2VBFcwdgFMwV-RiGdzeblnm-L5f418UMhBmlqVgSHV1LmP0s-9RG75ZemYaGBpuymWDHmTVA6XkF8HO1SBKD_h7EXpbvD03h6cRiy9z8NKqKtsEF3z0mT0eVKWzChJKXZ79LaXpOSVt8pWD4VzXMzvETJ1K08hqpBuFLF1Bj1m3qhwD9TUgAfcDSO8oX_n7mHaWlw6rFct6_FzRV200o1xH2qGxNaaSvOcu0C6sNdZVXKwtp-89GrEXjR0sHQCmLfYWCeDf-lBmuYFCcRVn6me3TxdCB83MVmKOPBgF6fzU&refId=2FZV7oWvSe5yDmr7hSHbvQ%3D%3D&trackingId=hrVG4%2FqPWc8n0ZPgMwuWtA%3D%3D&trk=flagship3_search_srp_jobs
"Full Stack Engineer
Full Stack Engineer",Tracknow LTD,https://www.linkedin.com/jobs/view/4216063096/?eBP=CwEAAAGXJeJlfXbzk5g8rSuNJa7VaW4ftbzmg6eSvB4_m_yMRKLZfRxUdA3QTz-txLS5e6m7TjwtFa8Z73X3VHdi475gXC6QjDYAAZcBBWJX6_vKHFVYo4l_CctcLReFIg9S8_0HImYF8BfOcK2FAW_7ou68bdp1XGt43wTxy0RwmRLAIs9ab2cuunAf_4YroSqMASDfeJBPt1EpTceE2ms0XWsSAvKA6esgrnFcOEXnZjm36nhaaRCoK00e4RN7BPXjneMPNtv06FERoHMosQC_Sw1EGbO3iQ7Uvob2qvZndwhGy5aeaFeyy6xMJog0y8XoKAxYykvfGXeYZsISawSc8SJmOh7uxN0JrxE2bk76BVZQIY56Q1XJtMCVTVxb84GAbLuFvHBUgfdUe_v4tHSjgIoEjTIhisou5PxcDXFNKS8szeK4zQIxDosAqcv26QHFAjsF74MHfioWl4l9-7nhm2GIlEpCNpy_-Hk3PHlDMJQy5w5GvA68&refId=2FZV7oWvSe5yDmr7hSHbvQ%3D%3D&trackingId=rkMxM50U9gjqcRjA5csjQw%3D%3D&trk=flagship3_search_srp_jobs
"GenAI Engineer
GenAI Engineer",Cytactic,https://www.linkedin.com/jobs/view/4198542507/?eBP=CwEAAAGXJeKcA2bJYINmSdojY9uvXVIa5qt6RYUR0lszEJ7ggq-QQBjmJo0MIjx1VfBgnoFfYFTkfSUVAisfkOSE9CPrlvzJFCZnY7pkkst4hZjQW9fg7VOc3cWcD2sWzqbz8pFcm__YQwv640hxCboay_u23N8KRZxWsBnrSybm9r2RConWC3dJsIAI1Kv4QysRXidGncajNopJZoyXxATFBHPt2-8U7lMcI4axcPU0xbXrQIopWri1SuUoPmR8nj5SvQDnQ3McKt3BfQ0BDzvSO312PTmwFwYNor4SbViSThlL01JNmynvl6ueiS8phLUbQdaaSBO9G2taE5Yjkp6e7TC-C7cC4KiELD8X19lbbyUijl4wQ79DJufVT22-gWw90J41dGv9ou4Fek-j85k01_lN8hr3BLZ8QJeaXxtkaupygqmGt3MaKpYxSyUZhI-eHnqh6lp0ZfA2i4dAcU9otORQs5ZeY3ynAp22QRovZYFz5M8OSPR4wTf6uguDKw4xFMDjrLB-GQBqw5Apy-sxLdmSpdN1&refId=6hu2LNkxsPlxLyghRIvlEA%3D%3D&trackingId=hwlSL6xCzIVX%2F%2B%2BhdzQS1g%3D%3D&trk=flagship3_search_srp_jobs
"ראש/ת תחום איכות- Sodastream
ראש/ת תחום איכות- Sodastream with verification","SodaStream International, Ltd.",https://www.linkedin.com/jobs/view/4225275297/?eBP=CwEAAAGXJeKcA_yNZxomvqKkkbOTgFj-SGzViNLh5Cmv3A9ukBc00muYu0D75toF1z1_Lj_RIXmxPQDsZnzeGbHP8P6TAxQ6ch8xjymhv3wRrvufM6jss9T4rBi4N_BxUYHnhA9IFNnWRdJtZXINEiw852_KcXREPDsf_4RCUMszWU0Ll8ygYdgAMgnNwlMr5TdIHbOveK4yOAtSPXJR2q8M00DjEnKLaAQlsaQLWmPfsoF0ILO1vfeeT9q9G5WhlBPZHCf2MCIKNcMImSSj_4sRqOZDnqVQFRzHidf7Xa-eUaQHRsHWLKx4pDIaKhw2HWVo6BRHqlKUyiddzsJQ7BIe3vcTtPp7co90n8YheYTOT1ZjuWlP1OnQIl5g8V92nF4i0qrLEQYeSF_AqJtbw4QJB2EUo4BzyIbEt9wZv_ddp3yB7WWubkU5RplWaqztFkLfSdjCZNekr0_-1rjnI_KOEStBsBGBZfJKpwJDx671IHNgabOQgJ_urevJzpHzaJ8lPLDg8Tc&refId=6hu2LNkxsPlxLyghRIvlEA%3D%3D&trackingId=Ao8rMBCle6QMwVMYFBADKg%3D%3D&trk=flagship3_search_srp_jobs
"משרת סטודנט.ית - מהנדס.ת מערכת לחימה רשתית
משרת סטודנט.ית - מהנדס.ת מערכת לחימה רשתית with verification",Elbit Systems Israel,https://www.linkedin.com/jobs/view/4225610712/?eBP=CwEAAAGXJeLSchR2KRxiRt46LFlx-bI2361kKY2aKgikr5ZPIqN11hVxhO1NITA8_ziO4EohNx52BGqr83XhITpwq4_KMktbyB45Q28LMcIsJRbHE84VxjncFxeWTA8Bb55qVF_w6dc-K1PBkoyxrJyFJnN07K5FOf4c-psXcDzjAWTBmi-Wv_nR07smlHYGyZMa90_cYfVGaCtizTYRZAWAiH3urQs8aSIx8E9NzLbeogfO6ofzKDC4vgLDByEyJPG2ColTFQYybxl6ByZT4Y217PM9FTKsPbQxtJJUpP5DBpXsqg--GZMbMWQcQE36lFGN7RTi4VEjtMgHAaLZ_KDl76bFSg3_JSXJzZ3CAuOVcwR5g8sLmiH2sceeCHfTTel4_v7G-lgn4eunGecrd3uqOpxbAomwHPokXVYjz-aDUY6nu-Ii3gJ8vnOOK3LmQXiozxA9BvLwdyhQDm-SBZ9cQc-2DgC5Vgc001FqigCfnMWRwhm2eR1cFLjTfqPaBDnBjlVJ6XcxFHbr&refId=1b%2BzlqQ4OHQILm8UZMZ0Sg%3D%3D&trackingId=LHYtadt09SgsLS3JN6vSMg%3D%3D&trk=flagship3_search_srp_jobs
"עובד/ת הכנה מפעל הטעמים
עובד/ת הכנה מפעל הטעמים with verification","SodaStream International, Ltd.",https://www.linkedin.com/jobs/view/4228241815/?eBP=CwEAAAGXJeLSczuV8hTlCYHejZYX1ZAYNTWm8WBMBeC3bvKwg_VCIWXOCo4b1I-yEs4OSrL3FkJgDCBSWQfnlaT8xhFJgeu5O1t-BtXOkMwyF5dyx8Vbgc5bAB5Oxzwrk4d2eRZBO7RMtbDAglk4pR2RHWH7HfbXrYXr5hhIu4sb7b95nG7BjuMiUBfxLCdSvV0Zl_PsISmT1Y6H7FPYwnQPeApoLaNt27WmSYAsOaiLDEI4UvuFTGe3bGjCELt82rx8AemZey8_8GwFv_admz3uOnTawG9quIeCh8cwhWDCNneXYFyhxBZuTQj8YeYWq2Apz9_tvOBNPHvymeoN59LYI8KcvwG-Z_X65tUMoPngDzV6jmGWwRbS2JllgmEFU3YKwOcXqJEC-_ouNTIe01b_rgnbwMg_RIW7LYbnwXZK3Gfuwok_1IQAcWJnHrz2R1emYA8GazDoMabNAHWi9rrqv10a3rJ3C5wq611V-vlXW6ecq2U2Ns7peFUW20yTBZ6e1WlMWHw&refId=1b%2BzlqQ4OHQILm8UZMZ0Sg%3D%3D&trackingId=%2FyO09mTngH0zRwR3S0u7bw%3D%3D&trk=flagship3_search_srp_jobs
"Platform Devtest Engineer (SIT)
Platform Devtest Engineer (SIT) with verification",DriveNets,https://www.linkedin.com/jobs/view/4196537619/?eBP=CwEAAAGXJeLSc0TEwGKZy71oDCL4-4NuVXCC8ezt-gzuel5COwI_p54fBZ8o3srb5ILGLItPrE2h4yygplNZAQIErOvqRBudpTGfk1VyyyNXP60XrBFt1mIvYuVopWcr0dZ4dquOMsU0LjANCYDbLkPKKjizp03-J7M-Gn0icWXN3LjyDQwUwFRmXdbM7tZUSlFETyaY6BtIjtRjf4HKwcgmrdaZi6HAxHSF3emyUpAQ0fnH5xpSUSMIdytyLlQU52v3AbAwx5W6UE11F6SBqdLl0PLLdkE5xFXThPphNv_CISEicxKHUI3tz0h5dnJwaYfLrBpz-S_631Hdj8R7ginCyrH_Bt9DzfVE5ZEUEXaCLFTEBmjaM2qkg07aarMK5aOHSQ-_swgeXsIRSR6w286SHY_6c0yU-blRp88MwinskHlLqJOcOwMyIzA87l0mjSUlhgkISlIV4YeQ8rw7S2IWhhOSMLWgU21ESNnk6j4iC8jKVobV_Hn1kp7ZD0szM1M0bS2V_a1nksYA&refId=1b%2BzlqQ4OHQILm8UZMZ0Sg%3D%3D&trackingId=6e5W6HUL0y9fEIyv%2BqkSeg%3D%3D&trk=flagship3_search_srp_jobs
"Autonomous Vehicle Field Engineer – Relocation to Munich
Autonomous Vehicle Field Engineer – Relocation to Munich with verification",Mobileye,https://www.linkedin.com/jobs/view/4235858939/?eBP=JOBS_AUCTION_SERVICE_FAILED&refId=uoc%2BicfdEQjROET6FJpa%2Bg%3D%3D&trackingId=N%2BLOV%2BBG4FBmBa%2BPvzcGwA%3D%3D&trk=flagship3_search_srp_jobs
"Application Engineer
Application Engineer",DOLAV Plastic Products,https://www.linkedin.com/jobs/view/4228033405/?eBP=CwEAAAGXJeN3uWz-or4xuNcT9ERRCjSziYORyaVnlmFjKNnilDpqYX4a3kfCHQqx4AbTEsq_6uqb1THLcOIAI6t6xyajZzM1rZhGAGPSL4fKLr6m-x7KOihyonUIBUrclcrPkWZnCSM50JjEJxFlBoyvwPObM8e8VXvQ8iVnRfQbL0lL61AkZHooHPmDKSMM1yy2gl4_nS65TbIX5y9CBnQqCW4Wd2SWa9EjkhFSN1Y34q2d1PS_Vpkd6Aj25YRfKQvFV7tkGIuFbdfR33_YeUYbQ2dUCEwlEsOJepYiMy9cOcL4xwXas9AxmAcJ9NFjdx_JGBZKa84_LaO4qdyka01pCkYRUKuReGtPUPS0X28VvjPua5ULaU2WOsQXG-Gp-4-UN0PZpYtG7usobTMwehPX62GoztAHWdZ4e56RyU61b9sAHDh_jlAaA8Xa6umQSITYI-cGW3QWXLyGInhvwZr_zXZ5NFxt-5K-B7r9LTINYF6KqbJ6wK6n0LWSdtY9FncQEYxqoe1WMRS1o70zt3BmAu1ZT2mk8AE&refId=opcOu5ITvDoeklkObTq%2BoA%3D%3D&trackingId=taQGbWXPLgF9cuQfx7KeTQ%3D%3D&trk=flagship3_search_srp_jobs
"System Engineer - IOT Data Analytics platform
System Engineer - IOT Data Analytics platform","ERO Group Engineering, Ventures and Projects LTD",https://www.linkedin.com/jobs/view/4225676539/?eBP=CwEAAAGXJeN3ubr8aRkuKh8k-Z0VRlJ01p21h78MWBeq0EqdGoQ2hQBWXt-cX61n7XcmswW4_-5QvRPPpqPzleIrhYThyyVB8NpQnVwXJ2THalQUAMwEi38Hqdtfsw5Hx_nXxEBWTuVyAGQBYwI1mFZOpQd9qWXHA_QJfH_9Q3AOHensVeclmliwgL-lojpw6a9aQ63yDZHzHpGF8Ne0eS2Dg9WpPKtJq3Wu1JPGkRgbgaCXfzDuCst0D-Wx-GjoHRukcVmR7POeB2SJXUeETVBDflmgaBQy1T2QK97IVTV-0EdwVzimW48uct9xrSIFJ49LMymF6045OuW668aLM5MRXhVt4Icpse9gTY6IxL9ACkM0RfnJaI4w9jTawLMJn7nPhyfPQsnLbdExBMvZmIAcRtGbSWwnj51DKeCJ53YGlqt5wKW5Oid2J2r5iMAAP2p8tgOZJYIL_ZZ5Empd1vwXWxxiobFavOSK-cjx1iDFRevhRQSue-0UP1a5jFGSu44GRO6_CuxOwsbpt73heQlM-ydLv_Fe6Q&refId=opcOu5ITvDoeklkObTq%2BoA%3D%3D&trackingId=DyXs4RkdYrXvoAAjtPRnlA%3D%3D&trk=flagship3_search_srp_jobs
"מפעיל/ת חדר בקרה
מפעיל/ת חדר בקרה with verification","SodaStream International, Ltd.",https://www.linkedin.com/jobs/view/4212045026/?eBP=CwEAAAGXJeOu5W61o1KC475ZlEqo1pNzaURuQztUikFFF6NSsHYnceWd9L8zFbFYKzUbLYpzmG14NsXs5OwYFNJRYvtEH8wX6_WX7OPbazCjM-yEad0DuqxC4r4l11J8sknt-eZw2BjPuOSGS15zRC-2eJ42PB4B4cZ8VnU5O28k2M8E3sSZFiyrE0iPvzJNLwLR5v_Zyr0AcanbCnVRt7yn6vbNusk8hg2n5oHJL4GXrdeXyWh-RSb-wc_DabNVdWMVHNkOAut7wIghpVCuZsamND_kVr5TAUZeDoGZTdU_Ph5x4fESR0o27cHM5lWZcDWv5OKcE-MGO4-Vde1K7hWR6AbX6rGCmYrmSds61rjEs3SLZTe6aVbsfjBIBMKW3nzAp5-8A17XZUoHqZjcVQGuxkhw3m7Kyz5HaFWESykVcJGm05q-_3OVsxgq2ZMMIBEe4ijJfuiOOSB8FSOrqGnFOw8FbCKhP4OqbMMDkQ59EZ70tpV1uOaMnc5QBGYB6nCqRA&refId=YVjPfQre%2FWfk1oioV0xSYA%3D%3D&trackingId=9KnK0MQVURbFXDhXsLrK5A%3D%3D&trk=flagship3_search_srp_jobs
"Project Technical Assistant (Civil Engineer)
Project Technical Assistant (Civil Engineer)",WSP in Israel,https://www.linkedin.com/jobs/view/4223440734/?eBP=CwEAAAGXJeOu5am4DnAg6IQ5rro_Sqe2_7q5LkrdEZrjdf6QkrzEvD0Mib83vS1i8U6DLa6dVWRqIqV5YijtT5KkB8bPa_zMJPPbiH32sF993OwXvj_MU673rUk-xzZoqdTVk5fvvABbC5rIFxzBxh6pdUKzZibkSxLHD4zetmHvTDQiVZQipvYJmopnmhF7nM4MEjJty2UpRsddp0r5eKteCNEg-9QGkti3jCDj0aob76tMQJUR7SjH-xw4BidLnOO7dVo09gaZNCeadD9SMeTV-2-Lo78t34RTI7tiu8eJ5wLiyvnyVq9MhotNb7kV-MA_2HMLHrILImt6H4VPGrnGjSRcgdiVlWU50ow56bi3ABpK3jJjPXBcx8aRDNOjVOwNvFV_1vagRPCkWiXU9JzYfdnVTp8DMKaYz7qrPv9X0U3iziUW7MGbJa18Ul3YOynRCRrdSaSUAIQucGbQboHgsQDv-Hf454Fk4It_vSXz4Wj4-FycyRHSpsGtexDzZ4gRB5g0oxY&refId=YVjPfQre%2FWfk1oioV0xSYA%3D%3D&trackingId=zAcNp7RqA4vCbURueIoM%2Bw%3D%3D&trk=flagship3_search_srp_jobs
"Salesforce Developer & Implementer
Salesforce Developer & Implementer",Confidential,https://www.linkedin.com/jobs/view/4236665556/?eBP=CwEAAAGXJeOu5c-Qb7v6TcM786SiDW1lccDVkhXLTJkSLPGPq2EGRWBsAaXwMh-Pff4SrW7gt2Ytv11CneC229pm7eai_w0zS7p98zEPrFYfrR0Oe2AjG2aGwZuGvxwoMgUF7ARscC_LASXPbmlRE-WM7Qw6AIw5bXmqa5JrAdFlLARF3Hpy6qe1XIbKKzIIM_3iiy_BcRKU5ntlqsMIIadqchedbwsKQONjrswC38RqhZywU6K4BRaw5f-h6s4WMCakwOSdBdcyqEwlZ0IILTzt8bBWpC7gDMsGFKMzXEWRWFLSJgEra8nYGx7wPXP_6ZeCL8AwFsliFZkOZGM75duL16vivhBLX5Ji_80SOCcRVCNXKYpN1__KUxrLZT-AIJP0ztPgwspJkng-uy0t-aSh06wvyUL42fgneUuUZL41mZ87RnlVUgWtBulzAKVz05QSjl3OMjQTomc8SWVy8Z40JvNJOLpl9uWb-BA0zFELoQzQriCRYjhB6Q6JfvvKKuKaWVkwXn3Ds1Kv&refId=YVjPfQre%2FWfk1oioV0xSYA%3D%3D&trackingId=ICfyLawHtVP4XaAxn7DWuw%3D%3D&trk=flagship3_search_srp_jobs
"טכנאי/ת או הנדסאי/ת מערכות מיזוג וקירור
טכנאי/ת או הנדסאי/ת מערכות מיזוג וקירור with verification","SodaStream International, Ltd.",https://www.linkedin.com/jobs/view/4068447404/?eBP=CwEAAAGXJePmjppkvg58B4pk79cTRIKhbcZJPxLWBpPSEKUqloaG0emacELDsy05KRguqqZjncXTOiCxljFsFIq2dxk-JO-hg8xsQfRGSPOpPhRMrbM8Q1gSpentMoaTFVEmDLeXAZ_CYiqxmGm-lOSBO9huK6v_GGh1GAYEQn6EWgCmgoAArwkudWOnb2a9rwr5SkTqLyQXJmZewJtXyz8U4jA-q-aiihQzR5Y3uKew0nLviuFZVjGHNSkjdyFylyB6hQd18Lx-TDge0d49V6f8pxrdyjQ_CTJ0Do26U-r5pOSuFaUF1vgjsYpVodFqte1IeYktY9dsVK-g97AO7AG4ihzmDVIOSrCKsedD2ihuIvySAIdNaw_QKN2YwoMlGOeO3XfCt_XiPoWebqR-52zXqW015lObgoxCQDg2I3HGTQoro_BJgkfG-4T2DeDob8DDcuwBJA1vkSxpzCEbExuVapZInWU1hs2F5CxkVoYTtGoXhoBMoQr5zGwhIHJLkLxNkzj2&refId=1TUhEJ1o9JbXOc321Q3Q2w%3D%3D&trackingId=zojFYRVhpetsMQO9aWD5dA%3D%3D&trk=flagship3_search_srp_jobs
"Manufacturing Integration Engineer
Manufacturing Integration Engineer with verification",Rafael Advanced Defense Systems,https://www.linkedin.com/jobs/view/4234843417/?eBP=CwEAAAGXJePmjkY5t802MOnUatlHe60c3hgl253-FVfBtuSfo4RJS65fH3q5e0fg0k_YjTGQ7jRjaBC_87BAb4uGanz4C64SG3mp7jVeTvk_galL7qJEzNhk4vn9kKJ0227awn9ofI1RJOuRVAT3hHcPMi6ifeMOTxvlCQKgtJ46LcdVkLa50ChjAAPZ7kyahzKlRHQ14UuZay4nrAFRMezJmcbwrsMX0p63hPddQV4g8ZyhCVBWD3-a4PpeNsoHl5WDgc9vinu-28aHaQozkSsf69wTqpRzRGchGivDotmtpBnGx8D86rgYTPGeBtXBW9Paq8bTpcuEbZ1ceDUvXz5fOSRLvvYvzOqsUIYxpx32pKyEv2BunMjrqP45aEElQeuCDXKGnXZqYFmGXpX8kDecqA69j6D1kbRMgvF8xJrmE36DvqB4H9VjKR9ZAjt6kwknE9laADEzxEnaKRxSRbB1ql3sdhVbICcD-qNZR4YYFCeFe1MnHYX9N3f3ToHqR1I_9HIt&refId=1TUhEJ1o9JbXOc321Q3Q2w%3D%3D&trackingId=mTuBXlaqqSBmljA%2FbYYccQ%3D%3D&trk=flagship3_search_srp_jobs
"קצינ/ת בטיחות בתעבורה
קצינ/ת בטיחות בתעבורה with verification","SodaStream International, Ltd.",https://www.linkedin.com/jobs/view/4181774761/?eBP=CwEAAAGXJeQeDPm8EEAJs8jbctm7PhTPkhr4oty_HNC7ceP9M-e-7y9KCGwd9KNTUz4NWRPuJEXQJKDvJTxnMpVkwozGZInwXxqzCo-yqmXVTRvbOP2zvMLnFyFwAA_xWu84DWqYklyksnNbLwv5nAN3WqViQQvlfbAto5F7OHa-4muByC6TfZd_oFW4zY6EZX9lmWsSU0QbQmiwRf1pZsrijwu6Q0zV6OMdgEywpn480TBQtYY7D-jxORYRjIvriKQLbAWE6I5ZQkp2WesnWr-tBrCWYDEIYtfiEsf3bHU_m44PUB1HGcvmZftVSIVLXh3tpN2VxJLugB-OQJNY4E1xrFnLXPs1LtVjvo9bwfI8l147XmDgMmY9ZOD51AqD29ql32SWE-sW1mRXJW_3xZZH7v3x9c94sk37RRe3btYXfLiBxZknx9E3izBpgax6L1G2sNJEVlOaw9uPut4QVgY4NsyALU7irrzze9ZhG7Gf1r_-qeRfqiBF7DwE_3TPGiUOqlf7&refId=XZTMkXHyTDboq5r7%2FLuBPw%3D%3D&trackingId=roHmc3RP77gyFhBV5kukdw%3D%3D&trk=flagship3_search_srp_jobs
"Entry-Level Tech Recruiter
Entry-Level Tech Recruiter with verification",Log-On Software,https://www.linkedin.com/jobs/view/4158212723/?eBP=CwEAAAGXJeQeDIoCV7zJ-Uelfp_C15aJrA-J2U4Z9fv69diLqai-MFk3DnIysYve7nT1AceGrYoyiyubckk3tfPzeUQTBZ2TVUVr24be_lSWyujLG7DBKbQXNNuoAUsHuUTp6S8BW2vvkLkQ7kHknXucb745WNIVUDfoUIgge6_YpwEwB5i1yVM9g9DicOB6Fzt_sBZkRoANXrijFHS4DpImKryctgyDCmeZjjCyeoReXIaAachAgKVqE_8IPYXuLiXOCRq6Oo3g0rFwNbn_1yUHEhLAfxTB_JWvgqIO7MyUeNv-aXqSFNxbYpK_3zR1-dXLtI0uG0PzwShbpz1GvvYE5PwGw9LuQ5q0f0BGgPpgjPN0t07ZKHRiFVdhH0lipSbVDaKtIpLju-7z93RNLTCNeg5wJ_oQ3vPO7k0FDY0HiGtPvYSj7WUCLWs3_XQbFzxObEWCzfYfOVsV1XQSDnK2sGuV8offDqd1eeJnoczga6Q_DgylJFKxW_LU1c_gfEhoqnU0&refId=XZTMkXHyTDboq5r7%2FLuBPw%3D%3D&trackingId=NAUuzIzUEfGyTtDhdxTjug%3D%3D&trk=flagship3_search_srp_jobs
"מבקר/ת איכות למפעל המתכת
מבקר/ת איכות למפעל המתכת with verification","SodaStream International, Ltd.",https://www.linkedin.com/jobs/view/4081878458/?eBP=CwEAAAGXJeRVhqrGZVCpn1ci4WAuBT5pdflFfTFvdbYYuKXv_vDIWRUTa0f-O-8DDDuWMmQ8q5Tl6gsbNU_iviyQRlCd8eQMjMVuDCdpw4ygerG2eWz9I3IsGDltKGoiQlvErysLEVU_aeK8PhrTDA5-Qs8e4Gkoic61cWvuckPFyeD34Mkl8k6YshR6HmJY0XwQw3dgD8bIaFvEwzQ93CXzBtzO155s-_B2sWIdVuA9Quif6Xop-8A8Kt5qtnGprAeGUJN0wdsAsb_YIzYx6R9XIi-juRsviwl9T_Xx8KI755kGDG0Z37Uyij-PIj1uM47q-wbxJWYAyXZlQUP2maZTY4ZOYsQDap8dYxmowitT5kKMmErEyFu31VEm7Jl-o3ZJ4oR4qSqiYsZoST7Z3efKwfff9fSyn2VPdusiYbpIgUtlUHSaQuMRCQo53Ojg6JImqep7RvGptppoat9fBrPTa5VjGptthOvyxfMREO-VkK2G94ZLsx7WML998mR1iiy9jXkaRHw&refId=XsSj3cG%2B3FCCxzqK2V7Wyw%3D%3D&trackingId=gs%2FCNoFXvi7mp41%2Fk3oCqA%3D%3D&trk=flagship3_search_srp_jobs
"מהנדס/ת ציוד למפעל המתכת
מהנדס/ת ציוד למפעל המתכת with verification","SodaStream International, Ltd.",https://www.linkedin.com/jobs/view/4192937617/?eBP=CwEAAAGXJeSNhtTudXfY-H1IetnQhLWyw6gIKBw6OJCzMOq9UxFPyvJ48xVLIdPfPRIu9g5goObXtrYjo0-11jhv2ly7vmN76fXPGPVxFqCGeX6drMRJJ8TOQen02V0LP85IwSpOJQQhrJM1c2wbDnVMwTQYHW-QrVA9ndune0WHUiKIG8vF4Ji6_BFbpxtjqOWwKsQyxl3E-VttGn1d2quoEAIX-fAI_B1BjOkHhYOvxufNYRQuXsBPMIKse5btUy3FUdfDpkg6hnUdbmCPPG95KnVYydcFg9PYQ6v-YiAXW57L2EgoSZu8NAQkZYA5T9RD2snPyJCLXGo2TSarUtW3M2TYkEzuZSZ_CZU9UDls-xXKgf5IpkYtNJpW7IeLXaU25VtPw3TsXqt8LXjKAQTDpzR23Z09b3Q31qw5qYwE_CTNig8WIz1PPlUtnq4XZCbt16CvJx1XpXEFShGhNsDbpEThHlaRteNOFLVO-FFKxQK3TyxgQzucWw8nFoOcCMMB0MKNgel2zf5H&refId=eci%2FkBBOOaLPyY%2FoXJEHYA%3D%3D&trackingId=n3%2Ba%2BdD2Ep5no8%2FcyD%2BFhg%3D%3D&trk=flagship3_search_srp_jobs
"Quality and Integration Practical engineer
Quality and Integration Practical engineer with verification",Rafael Advanced Defense Systems,https://www.linkedin.com/jobs/view/4214544121/?eBP=CwEAAAGXJeSNhle-L9cvPNNb5WIBEd3KY_3Hn1EqOudqSGce-aK9pbeMicPuKbg0G9HSvTcsbh_4AyI_W79MQyp4eCeF098AJdZPIsKqhJXHS7Bs8UjyuTKXA_ld_se84rOa5Ge0fwgVZ03iP7rzPh0VcAREggHRnpKiTPC6F1S-FHWuY51w1bXa1k0nhQOByqutPCFz6nfu73C5VvmQ_1hDKsNZqWs_CNHETtFdUofk8XKiE_fornvcOARqp2y0YjxVeW5ZV0_gdSXuV31njAhXga0TgusIqmwv88vReIlXG9Cj3GHZQoejAQyT4fFbEajvk_uHMb6V_EFzMA-V9O2ceE2oVDvKYclCUbiMLBfMHLR6QpH1GsS1YoT3I-pIQPHNuZeSdPggGonb-VvGq4w3SRUqL2a9qwVcsA0jP2nrNe3IfHb9r4sUJr3OpA8LxYRWMyUBc6OtSxq8oP1Vezn1Zwi33Na21rNO-fP5BnNHoOBdHJ-doIctipsCF8ctB5dL4VOFIH4IAUhK&refId=eci%2FkBBOOaLPyY%2FoXJEHYA%3D%3D&trackingId=Xl9ioQvSlqyd8i9ONSSmTg%3D%3D&trk=flagship3_search_srp_jobs
"Customer Support Tools & Automation Developer
Customer Support Tools & Automation Developer",VAST Data,https://www.linkedin.com/jobs/view/4113719573/?eBP=JOBS_AUCTION_SERVICE_FAILED&refId=6uuja5V4vQ%2B47IYme6jfZg%3D%3D&trackingId=DQq4UAqXy8X3GRELpWpMRg%3D%3D&trk=flagship3_search_srp_jobs
"QA Engineer - Beer Sheva
QA Engineer - Beer Sheva",AudioCodes,https://www.linkedin.com/jobs/view/4172059917/?eBP=JOBS_AUCTION_SERVICE_FAILED&refId=6uuja5V4vQ%2B47IYme6jfZg%3D%3D&trackingId=7aol5JneQSSz1YzL1OE4wg%3D%3D&trk=flagship3_search_srp_jobs
"Integration Engineer
Integration Engineer",Spinomenal,https://www.linkedin.com/jobs/view/4195192579/?eBP=JOBS_AUCTION_SERVICE_FAILED&refId=6uuja5V4vQ%2B47IYme6jfZg%3D%3D&trackingId=g%2BCGRh%2F2vowm4OJ2FN7auQ%3D%3D&trk=flagship3_search_srp_jobs
"Integration Engineer
Integration Engineer",abra,https://www.linkedin.com/jobs/view/4182142754/?eBP=JOBS_AUCTION_SERVICE_FAILED&refId=6uuja5V4vQ%2B47IYme6jfZg%3D%3D&trackingId=SsWvjdCN9O4zcfY6EzZ5Sg%3D%3D&trk=flagship3_search_srp_jobs
"חשמלאי/ת אחזקה מפעל מתכת
חשמלאי/ת אחזקה מפעל מתכת with verification","SodaStream International, Ltd.",https://www.linkedin.com/jobs/view/3967701315/?eBP=CwEAAAGXJeT_VVrG_y-NUl-fIqo1gcQ26t1WOMU4kYvpFJjEPNc1XKRmt1oiW9-LElMJr5723PuCLnET6QcQZ7rUjgxo0bS6DibnT61_dJcCpX_w9vxf6qCun1KfiA8jFaEMiB4tLp0DO5ckgOIm_lNMPU_6B1ZgXPyfDdaYyuIh4kt5xy_dyW1OR0Yx0oAS5L9B7fKAyitJzvh4PnmzDz1k1k1BmYKXcQszdBYxbh1XSTmx6aalJufnDnS0t20V5MwoBrzhVEgMqmmTIMZ0OFMpVxfIrywGCK_B5J_1W2fVvby7j1ciwKZ1VpXCnGmp_AV2xovdkENTxL8_jGkGcn1G3hk2-hAU7xgd_NPfquXPWdwhRyOpT7K8wBhRnGwNUSfiwae7x8oFJE4ZE6WwPVPa3VdDjJTfn8cIUe4sJ5u7ZF4qn6ssO0uUghAeN5tKzc7T822sCBdFPQKcn0i0NuD4cxNmD3zso52inAc6GBHly2H7pZSeCp9r58z94PrUrQiUscLTG1I&refId=Op%2F6Vd7SY5lNSr%2BpEQphQA%3D%3D&trackingId=I2lVJ4%2ByAE4SOOmibc84Jw%3D%3D&trk=flagship3_search_srp_jobs
"טכנאי/ת מכונות הדפסה
טכנאי/ת מכונות הדפסה with verification","SodaStream International, Ltd.",https://www.linkedin.com/jobs/view/4218498858/?eBP=CwEAAAGXJeU3xoDbdrkNvl8DHd6WjSXv5Z8J6hnPKkmV-Wd8qe4qAoyewHULFzSn64Ttax0i922WCjfr7j9kGUJsT-hU98_iSyI9Ov2UebjP5iy8CWHfa1iwJVrTPXbmQQbvFk2V3x285b4S2gPCrn59Ie_NdpzozDLoJJkLp9HI4NQ446Znobcr09PkcOL5rLOqPNi9QpUtCKvzwNHqV-7tGl-iA0m7p0CoyRb64XHRVbp4xBxouo0sEjp3OGllwIbpKf1FS77x0BUbC2vD5XUCQM6YDZgTi3M9ehpYTW3zd8hLrQhOJxhcaPs_9aL1fikiGzPK4MWBNl9vu9oVqeIaNAi4LYPmFDTzbyEXZUFAKCaTae-4cuY_SEJvcwpDtCQ5RO9WnKL36B2esI_AsoeR4_PDYFthgegbwn0_hKs3IsFVxb45peqZVAfo_shAJG_lhVqk60mMC3XsQLBYfTkstoK-OTPMIR-jM-0gyAPy_5AyFVRuJamhsXTbusnnZCV0ONJ0kxzkJA&refId=bOZ3y%2FDdOf57r82%2B7IVeQA%3D%3D&trackingId=bckezRjThcwZGEGYfG4zkQ%3D%3D&trk=flagship3_search_srp_jobs
"RF Practical Engineer
RF Practical Engineer with verification",Rafael Advanced Defense Systems,https://www.linkedin.com/jobs/view/4214542593/?eBP=CwEAAAGXJeU3xqhtufC5GQymrV3TESaxMgbREF_UdlXHhtI441oKj5AatRbS44kh7yj_nIBvr6iL0jf6Qq2zzRa15JDv0LBMibEgmxPdKSJUrwG1dUdI19P-pzgQTLc5adrqWOf_dec0a1OyxlfB-c_kBJs_a1sUZonCRitr5yZWvppp7eCszMr6jmRc0YxA4DlIDzgf7JXrZcBAKeIT0LHpiRLlS3dvMLGgEAomeAx1fnx_jCTi4d8O1U_mhby4aCJ0fcI1RApiVyTh_BBXyWt-9CnELuZjc9ISsG09r-AISCBnDNk-q_ncpqYk-jaXwEb2bjw9lDaNdgl-U2l_i1E9IBCllU5yZO1pF8fRYpnoHsi3rSmJj21X4yDmu-lfIZJDKE7UDqp9PzNnlMA5hgX1jNz9PDi_MLTI3z8Be0Ih2ycCHPth7KOY9bzYhXBR6YTp6qEF5mwc5WweCbWhyMtJR36lwvY-3mPowFNsi1J4YMg39YwQQ8WCvwpjT-NR6VwM4oUU-vs&refId=bOZ3y%2FDdOf57r82%2B7IVeQA%3D%3D&trackingId=fIjRrFrwfVaNeQ85Ijc5RA%3D%3D&trk=flagship3_search_srp_jobs
"מפעיל/ת מכונה מנוסה עיבוד שבבי
מפעיל/ת מכונה מנוסה עיבוד שבבי with verification","SodaStream International, Ltd.",https://www.linkedin.com/jobs/view/4202231188/?eBP=CwEAAAGXJeVvRvVZj7TTeq3JBI0Wr9Z0WHc2vFEkYVIh0EsGmSUGRR4Oahd5ApfSn8pWPTVHACZsHaAk8ftdeGkLCh9VDqAVW4vztIKsebLBUNJrb4aiEUFqGjaq5r2iKFZlXzizvNgROC14Pt3RGtEdyr6WP-sJGyhlrF75mlGM4FgE90jsrwndD0uNUXo7269u96zP3YRY0T15rJTeby9Czmb3lcnxOC4n9bdHyqr9PrhcWAPcsuWaPb9aRc0btqZ7vAkgwQeF3s2alUJQkT1gGqYoS1q220o1NlNhUG4lHE7IUwKR4CGfBcpRf1ZrduzpkXnXTzp3FKpGPL0UmM_OLHenfS3L6cE_3LB2HgKLOHfVqpFWksyaXDYo18UwoADMnXiaTYCI2yF1NbPYFZT_9YzLiOJ4ApU3pmOSFoV6w8nhTrNLpEBp_3LFWS7P0J2M9GT91_lrxLUXGkemWfTY8ecX5UUv7SDSLE4WYS4JGeMizUzVgVeUaP_nYGPkV7a1Wg&refId=zxIiqDGkpGfucA6mSDmBWw%3D%3D&trackingId=892jlT3elUvF%2BN4h%2FRAQXA%3D%3D&trk=flagship3_search_srp_jobs
"Advanced Civil Engineering Expertise Sought for AI Training [Vision]
Advanced Civil Engineering Expertise Sought for AI Training [Vision]",Outlier,https://www.linkedin.com/jobs/view/4217858819/?eBP=CwEAAAGXJeVvRqQzUO8xKUquRzJATQATOWZEF6gWvRn6gIUcHn-HybvSooU8DpAhd6s4oWtLxqbqN5LRVpKphH-V2K53bSMR_MV9A8gFv6woUvzBPvCw_WAnqck-HFNK9u6zcQAC_0BwqoHXarY_p_avGMcX2rxgLhWRPXWNCVKRq-8smBPLoMzf5hTqVcvScUZ_Jp4FMBI5xlG51CS_PeEz_QDrpOk4vV7542Zw6e3d_kauKWiqTUfA6oK89HhATG3-Ind1hVEbHUBXTF-MmNzB_PUkFUow0PtUblWOFodgU-7rRw8TFLbM8t_kpQ6o33sn5TalpVGAuetWbBA2uHv4bjB1oz5ZsoZqhiuq-RBhVwdEnad87RZlXNMvNAF0yP5JgCET-wBT3NWkaTJqH-sMdAEuANljaA1ZkX9a40kwuysEMNQXkrsOWkwgcXydoWqq6O8_ZJBuV-IT-ixecxB6wgrw-J8auxAGdknM2VXOvN41SMvezqD8LY1-AxNmjA3wSKG1&refId=zxIiqDGkpGfucA6mSDmBWw%3D%3D&trackingId=UShh20%2BmY5%2BuJgLUvRyltQ%3D%3D&trk=flagship3_search_srp_jobs
"Student for the Promotion of Procurement Services
Student for the Promotion of Procurement Services with verification",Rafael Advanced Defense Systems,https://www.linkedin.com/jobs/view/4187896890/?eBP=CwEAAAGXJeVvRxbatmzkdLdK904mjzxRmhQ7csDcZ7PK-7u2LyjBWYlmUkaasCHh7XFlfL-QvejnYP8Nlay1jtl4WHK7Sokjpi55z4N9PqjuX_z6fvreSJVVg4MkN6xmMLiLWHLTzkVCJPguJn5_yaS6B-dEgtLr-jyODS-8FpKJ0thI4_pCVvoLao7J_hq6KGVbsKhvME3FQu-axvpqu-8nfSmS5yo3G8mq16-XJ4Z7wwFVIKWTe4m6HryxRq_xeMNb0Y1lLA_ER3HJ0KOuTwYtqYcTbJIN2rQBLCiIQh4lCxJWolg1TcIJ2MeaYAtFJMZBAu6ZwBIweRI5dk5SaW5_ELqLTZyNk3fo8RdRTXArbCwK6am7lpJgg-RDGRhKTNHCPLV-Cc8HPlmBKDdiGNIQ9SLggLl_NHuUGnjGMc3nY-RWAC3G_6XtLfP3KtzfNXhpVpwzJ3DZRiZmsZGKoG-5gi--LLo4u0cSVUo7ZO_LJLqfolEA5sIKiohnga0o7RTxBr3o_VY&refId=zxIiqDGkpGfucA6mSDmBWw%3D%3D&trackingId=%2FvdorEeMKnHsODyLE6vf1g%3D%3D&trk=flagship3_search_srp_jobs
"מבקר/ת איכות למפעל הפלסטיק
מבקר/ת איכות למפעל הפלסטיק with verification","SodaStream International, Ltd.",https://www.linkedin.com/jobs/view/4204265916/?eBP=CwEAAAGXJeWnB3fd1k7Si4C9kLyv93Vbq_25-ZuhONM5bNneqoPoHXIuTWoDZlyGnOeOZb2hnc7cUUFHBJmnUrRRXX2MRY5VzGhFScADH5fvuC8RiAiBXFY-fHSlSbQQNkwDxBJnTeM9mNMnfTVX4xfWmt-eQR5Ryi5He6mMPdMGmF7ikOINUOhExyP7Z_tEeHs_biMgl1HgFTcecvTdrFz4qAQQZbzZYwN-42SWPUA-P0TTOEv7FHIes1mx19m3_AzjxTThKQmie7pZa7v8zChEnLtRCegB5go3wUNGU5ity0dvzOFQh5db8KHFiFnGuIpX46pytjoxOpPCB1xbcHjXxmlW9qF1H2QD5h82uFCkt7fDHzs2AMtn1aj-IF6vqffpyQKDLIIjOU6MDVNgaF2A4evUgHaHHF4KMDpZnj0eYrt46xHMork2ak-srvXnABtjZi7ozXsxqQ42WRu7dfh1e45V2LcVAC-B5UkGk_eq1LMg153yHJ5QxVWVatxKbiaon7g4dH0&refId=XsaiykSEVdP5xCd6GxtmtQ%3D%3D&trackingId=i%2ByUA4mPXuHkyEERM9rSlQ%3D%3D&trk=flagship3_search_srp_jobs
"Control Systems Engineer - 3407
Control Systems Engineer - 3407",Gefen Recruitment (גפן השמות),https://www.linkedin.com/jobs/view/4230629421/?eBP=CwEAAAGXJeWnB4UJEqmKx3lPM-kil55vZ7-vG2xZrEWLcVduzcS_b6297d-dsjsL0ykL6Fd2hz_8qA9w0bXFZ5YDIiYga73LoLAdzYKNaqqbeiQoQR-rsrxgoQNks3bbcgPOfM7igdgFc9AClKnPq5jjDhlSMcJa6hx_phLyTfSRh9Aq6JaDzmX9oCX6BskpCnaXXSoVbCONrUvHnoWWQBNDeQizoYcXe656oID1AxrpMVtlbo_L6iqVV5uLcJ-RRLW1A4MVMDwTOksx5ZZtCLSUHynQvIO5tW9CYY46GmkpyeGW6vHwl9-D6crkEa88QTVPW0Tw0xMbtnlDDUdTFeIg6ee1IJv4CpyGFtBdPku6e0-FA7Tuhmc42V74Qr4xWQkPNxMPnnHToPFopdZ1mOKR0Z1h7iqpUEHsdSBbMI8RbKp1ENbNEt7zW2cMZ6iinQSWcvVAgDBMsRxTJuVnxZEl57A1LfHLxn0E1OLUB5lvWbC30rwC8uSW1LWUdt9rE4P54vn0teE&refId=XsaiykSEVdP5xCd6GxtmtQ%3D%3D&trackingId=ZA%2Fkf1k8SlWd54HX8Buu%2Fg%3D%3D&trk=flagship3_search_srp_jobs
"Mechanical Testing Engineer for a Development Laboratory
Mechanical Testing Engineer for a Development Laboratory with verification",Rafael Advanced Defense Systems,https://www.linkedin.com/jobs/view/4234841911/?eBP=CwEAAAGXJeWnB-iVGIsvagUiKKa880jRld-GjPvcaZ9z1oZ1gdlICZg75A4pGYQReHLQnmDefrDSDbUSZgOnzcTBGDjnUibRmW3Y8lp3zSrP22mQ7QUUCpHkzKX763pLyud1oXUrQMeuVQe1hfrARnzlwgfV8J5vhRAlBmZFm0zqaFfX8NLabmrGpbeS83jpwkFhqChlqLHBzMOHY_kduSBV1FIFFgK__XWyp12Uo0nB1gqlKWOsA7VU1seDHnFnW5eyV0peLuKGUh2TCqFS2yCLBGnu41-Lq8BkxE2UaSqB2rIlY6K1j5qLasxSv2wx5rEyuwTiawAqw7RxGGOopvcmB-y12fIDeQ2BLTYudBAn8F37mkukYi3P_I8mAlWbhS1ibDMFy8pUXxpxAqJIBHrwLHxHPr3YH66h-LjfXcW9Vi13zBAtTOW9LuNjY5v9h8KSijb-3GnWMt1ONvaRlo7HE5AFYgJnNo3HBdWwm7deKiAaKeIbkKUZjqmjyRPcD1j3EYdc&refId=XsaiykSEVdP5xCd6GxtmtQ%3D%3D&trackingId=PsxxJJxZx0mu23idPh1qqA%3D%3D&trk=flagship3_search_srp_jobs
"טכנאי/ת מכונות ניפוח בקבוקים בכיר
טכנאי/ת מכונות ניפוח בקבוקים בכיר with verification","SodaStream International, Ltd.",https://www.linkedin.com/jobs/view/4158361064/?eBP=CwEAAAGXJeXedGjcOZmodEZZnDLUdAhPDtsIsCYhz2VG12RA01QS0Ew8Ydg1xOVGIdxp65v4k4KmCv7a_0Og4t5nNQaAJUwGs8563rhVhcDdo3Iv7Vb5tBY5Q-6LFInYrIF0mD07xWs6LPDeVaq13BAnQoy2LGxyWRcPOuy1_8S9vAsKpIAIPqNDbern4dWiWLmAc6Di2t6VvhYiuSWlPU_Y1v9wodwP9R3r4tyEpj7p75qry7C9rBf3q7mkIYWRjDox6uUmQ-1iqEaVHGKxm6tco6YJCA2UtNMrQgOUgNRx_NYMYZ83LajcUnDTANg119fTDAS78ge__wO3305IQmZSgpisjwtZeebD2qimL-iSIlIljZ_G2BvDjFLjpOwb_xkPMx8o36sxpPcL_d3ob20cMoEHdrewWnBy7hZY5mbKiRolG4fSaDfS4U8K8RP30KxhFXoe_KJx-g32Ko5_Q4qAO3cZ-WwcLmM9PTrb-GVgP8Om87CkETYynzDnmjrcl-VWMqc4_uc&refId=IJovAg%2FGmV30yeCSmmpoyw%3D%3D&trackingId=YStbVph%2BJCeMHztfZxz9Bw%3D%3D&trk=flagship3_search_srp_jobs
"Nondestructive Testing Engineer
Nondestructive Testing Engineer with verification",Rafael Advanced Defense Systems,https://www.linkedin.com/jobs/view/4214562993/?eBP=CwEAAAGXJeXedFMr_dUxtsgiAuvF8gEebkHAfKvA10-ABM1kfPAlvfjnR8cwUbIjFGuxBpo9gyWLVeb-13yAuQpfmBkMyCfLpchFwZ-eNV2EG73EjPCE1sLELunnumRXnTKtZn4E7v2RwC-Z7hsUUUYaBNuBPVGgw42tOMRp4AExuOH9CR-tXR-eflf2oK4mZUI68tZIpBMw-Oqjw7Olv01aKpcCRLcHcxp_qG_H1lHsYEhO8KA6o944tQiT6hhgIRQODtg8EzkIbU53k8pm_UKNDqWkePxaWvpzs9t_B3O_S5k6WbpyxWyB2kpaRbLWYFdbzm0jvXsWnYr3K8bEutMKNFeOBZF-zZ-ZhYj1YzsmwYa4e3W20zdHcizDFYLyYbs7npGSgHE48zyBNP96Z5VRvvJ2XFjIogxi_GNKoFjtAHaO4aOZP2n5ELrn27e6ezs330ybsMaL1C5HPr-m_dZxCb_Hbc-PNNHdUmR5KOaRXeXeJQdbKR1YJ2VuC8LW3O5HaRqScV0&refId=IJovAg%2FGmV30yeCSmmpoyw%3D%3D&trackingId=cjyFd8fKzFRnNvTcfyfjYA%3D%3D&trk=flagship3_search_srp_jobs
"Technical Trainer
Technical Trainer with verification",Check Point Software,https://www.linkedin.com/jobs/view/4122611075/?eBP=CwEAAAGXJeXedDmGJbZ6vdQRWTJECVFNKCZB4cJLmPWA5Un9IpyDboY-Q6hD0tONIXanhmeP9i3ygCGLKdgkGSnDcQy-LaYoZp1HaR4fb7sjrevNVGuAGiea_J5sI26V3agVVwy38edqXNU96cbo2gerjvPEn2IcFm0Vjp6nbIAmQsG7RkS1LexGwyI8HOKZWEZSoWtIAg2-59hIhWE9-lhlTPt_lJkz52woXJmgBZ8fUeE_4bJdwcxpuaWc5y9BRLlTDTr2TWZXJR9seo5fb8tLOlofg4juZDR2Nuuzr2NeT5XkDm59wqE8kD40uJL0uswzSBQec7QK8bCksr-NKlv_GpityIF7K8igGSiBDPHMycTUOeA9u1qRYf0aBn0A7TIzVpaO3rSbjerLH77PI0Y-G3ew2ZkVFd-a4-_fEgq7pin1BDGn2ak1KSyMF_BiRRx6MsYqjVhqPrtwsCZf_T5mC9_TOW1sX-WQaHVA7TGRhu00vq4QJdJmmXOsEdDqYSVaGqk7Zpf46A&refId=IJovAg%2FGmV30yeCSmmpoyw%3D%3D&trackingId=LDjQg1Ndxvu0vQKcxJ3U6Q%3D%3D&trk=flagship3_search_srp_jobs
"Antenna Development Engineer
Antenna Development Engineer with verification",IAI - Israel Aerospace Industries,https://www.linkedin.com/jobs/view/4230376707/?eBP=CwEAAAGXJeXedEwXo2UXP5AAARHyHH_M3iOLH3jjzaB9MWihvUICKuXbVQfD7Tzc9E6598QUdgjRnZA6x09sh0RkPrAvdHqVjVMhxDv_xeA0_--f-0tDpdYHTO-L7BshfAjGjNbiCTZBsqemaBe_iITSlcHfpDC1bqBERME455DCI8H50_M_5AlX7ITuORPXzGegsPU9amPKhouaXEbQku9LuJqEdrjc6oa9X8PG6kLeEaUpNpmTGnODD683V9mRjfzq3I-jZUIu7QmnUBfTb0gzyrXBuSx2hNwyr4r2fjUiRHmC1d7kHmdit8JUNg38IxZ6Vfz5fJ7Q1r-262Z-bX5qo7fq0jV71n47wnyjLj1as8nfcssGEFhNxJ4G2Xrmsy5ZYUXv-1ne5rm6TyU8iRR8FtiuqWvARch0oIA1FBe1giVkFIxbK_yqD51Lm1os1ztKI-rpSeLOEUOSwnTbMvqI2NKjHUg8-eZYSbv6iqrp_rlBUZ5WFeT3Lsak5pR84ObHqt6TTVqksGRO&refId=IJovAg%2FGmV30yeCSmmpoyw%3D%3D&trackingId=1MztKOKqoJ9HkE09VnccPg%3D%3D&trk=flagship3_search_srp_jobs
"אחראי/ת קו- מחלקת הזרקות
אחראי/ת קו- מחלקת הזרקות with verification","SodaStream International, Ltd.",https://www.linkedin.com/jobs/view/4218600435/?eBP=CwEAAAGXJeYXdSzkx4dT_P4cvM6B2XnqA25N8WCfgHZKaVfcsu6vV-UzESQQzTdt7KU-Z-DKMbadbpcngNVtW2xrN-XiApQ6j4rUVZNAzk-WJV00dq6Wa1q8kQuCrbnLAU9xNbTnkuFZtkO1u0Ez-rSmDFru4IgSujTCtzAad__BcCHskUtqFORK7c5jsnKtklCtqJYOCqrQt3c3zJQFHSmfmvE0kSbtQ51TnZ_LYTH5Oc-IdaK3Fi_Ay1q5wWYBj34OoLtND3SxIgxEIeo7nhAYOwd57a6J9vSF5oJUubaYuIHqirzViny62K6_1o-IH01TEnX3vrbLUI07ndL0UXoJBbWQZMZ9jBadzaCVOKngsygM5NLv7NXleca7YnvqN-73rh9Q_B_1n5JSTNviHgKjfQ2kdxur7Pxx3sr0gNF_IrKqjBGkXBnCDYwiVYyjT0wBty0fj4p7OVHqtOpIkwQ-c4VhcLGTQD8IVuNVnDec-RPg-wdWfLe2gT5s9S7FdMdOSZyO&refId=TQO9hswFn5%2FvQZ9o3ati7Q%3D%3D&trackingId=jJ3JvvLrWIYVVv4FvBhYmw%3D%3D&trk=flagship3_search_srp_jobs
"Network QA Engineer
Network QA Engineer with verification",Check Point Software,https://www.linkedin.com/jobs/view/4230812280/?eBP=CwEAAAGXJeYXdVxGpZLUGlHx2mGWeYkrue6JePCoLY0MDyAffnuAbeBxBeEPsb3QhsL1Z1np9mKCrcSgCuodF49aiSoa3E4GHPJjJeOMnECY5oGCpLEjkkUBOenaj9qqLwne5m8T0Ji2MNDAkEyK2A_SU-ephZuaVOXgOqP58H1IU9wkwoEWRBoA66HU_dXDu3caPe00Md9QncXrNPuY6Pp8sfxdqHlHPM2b3lk-oI6PuVzDDpa75N4w_xhEEPa3u0WE3KGJMWXeHyczPSmYy1YCuJmajaSxemnsrxxiEL8JV9BODVlr-rZQ3toKI6pvbVtGwJKrTTwlmncNfUuegMZvk-zXPw6cAkZ8bnnnjWrl9CuaKNBu2KD8whRtcb_yaCGXZBDpM2y_BVqtv03eJGWmSw0ldWotSk1FSxfRScinU1RKmJdTHQFRF7hOHSrtnG3V62-ndofeWpKA8EF9ozXlD0BFva1bMb2aqZ7LoVp_FlkuT2wKnltWWtwA7u46ygKJfrDigweIW4Za&refId=TQO9hswFn5%2FvQZ9o3ati7Q%3D%3D&trackingId=enlT2qpcXfDTgXk9pc56Nw%3D%3D&trk=flagship3_search_srp_jobs
"BI Engineer, Personalization
BI Engineer, Personalization with verification",Amazon,https://www.linkedin.com/jobs/view/4240310986/?eBP=CwEAAAGXJeYXdvrXSTBr96DRJP6PHkt5lxcb26tmNqt3bjsU1uneXWr5uLAuUeS1b-4QZxQAhMbC7yPLHZWVgB5vFvvZbIhs2hobAW4bL16zLWYzU5YNFCXi4J6EHYRiVOUkBsPjyhWXsXLqQJnqwj7ADuZhlfdx4XT4B-PxTTUx6qaTEEfIFiU-Dia_GB_akVrKrmF9xyQYrRD92bf42itKUkKOBzpkHZqVs2Fonkku2v9OdCOOnGBn-GemHv2O5XYGpfp8fiQMF0P2CbWDTDhwBqG9RrSlnDfuB9p0nx4Yxe1OwthGhJyDGyL3e6bmrAjESOV75uDaBm4WTjTU6ivRecGjR_3clQiB9xrmlEn9sgS1wEjXac1BWhNRcYjIYqMDViR4LEM2QRoWCXppSaHy2SDPLs0tWAv8qYOQrhLQcI8L-qte-Tp67XWH7KznhhGDGvMxsDNBTFD1SYj3G3xfMHN87XSYf46_ROtwazEz10aTRe_foYHVWl_aBe-sJrQEwj6vXcSuCiR5&refId=TQO9hswFn5%2FvQZ9o3ati7Q%3D%3D&trackingId=um3A3nhutQch6p8f%2Bq%2BPwQ%3D%3D&trk=flagship3_search_srp_jobs
"סטודנט.ית פלנר.ית תחום שירות וקבלני משנה
סטודנט.ית פלנר.ית תחום שירות וקבלני משנה with verification",Elbit Systems Israel,https://www.linkedin.com/jobs/view/4226403582/?eBP=CwEAAAGXJeZP4nbcPwc6H7TfwJwFLLHWQepyLA0fvJE3cetbaLBtyQU53HzFnv4xRMJAjXq_J62ssBZpp4tcICBD76FnSgi8n6QaT8rfhPgpqtoemtNIVRkyhIkVX1_h-5G3nDMdUUhhFiIuWGNziMM2zbvLdF1Rg94a-kfDknUsbAiKt3wHO8EAvwtogy5qyiihYOgykl0YppySpD8-TQKyi7b8ymHCmtN1fEb-M2CjgZ5zDrmQgfORMMrWMO9wCvqOnRbRXgYwT9-20DFl6aldyQXq-SPVdjRhf4nZJaus1uE9HyRbB-ZbE6-tOmzcJun0V-S-kT_aLlYwML7K08xBd0_YqepS6NOAOx8p9aQCey2Jpft2tyi2l7e2sJYoDeObCtaSHcMjNlKGuSMVdkjlZa7VBahbFflbZ5Wr-GN1cd2f4e9mtKp6uKLx4DLAi9fJ6_CqCSeAhpx5VydPCSZXs7g12jxQOV5BNR7DdXSPL-XRGEzmdy0gEl4Na6SJJAmCM7t4&refId=xlH9qeLAxLwNWur9aCBEqQ%3D%3D&trackingId=oqfEqs2M4wu5PbBs4ffOJg%3D%3D&trk=flagship3_search_srp_jobs
"חשמלאי/ת למפעל הפלסטיק
חשמלאי/ת למפעל הפלסטיק with verification","SodaStream International, Ltd.",https://www.linkedin.com/jobs/view/4076631842/?eBP=CwEAAAGXJeZP4xUZQULTKm-9pb7JidyEJTk5UIg9PA-cibyGS51X20oA4xacC9yOFad6MucUoznktAyc7jGSMA5XtOn3cRn5i9pc3K-xHefwUZOr4IsN83BfnwIr_zdvK9dIHW-zxqENRWSQLdAzIH59js4sHGWH526LixDp41Ku_r0xcLpklm0vFB-bI2OgiEI68v0yLyO2Lam_uMG3PBkPcQo74kCUU6vsq-OgMSfswQO85P8vrXpV170KPv6Oq13823Bow_9D5xNEZKUcbXe6dD53b-JHGGemR4ki50aU8woOTTF-BDcbZfzhJFMmQnC2A8_pctmDmie5Timw14r-2wkUhuZEbDhbGvjzJmHf0PuhWgilAm9RX4E8_hb82x-QNzIw7tsNd2qBfH_xWbCd4W7DDWn8fhoCGPSoStrJBzz2jwEgaUGuqc4ZxXyo07Lv4uAv0UOMUacgUfAboPnHocD4ODbF-vgSH75LG0p61ueMUI8FYshf2bzSlE2dPQJruw&refId=xlH9qeLAxLwNWur9aCBEqQ%3D%3D&trackingId=aYX10VxLAcD8w2IRsoczmA%3D%3D&trk=flagship3_search_srp_jobs
"Practical Engineer
Practical Engineer with verification",Rafael Advanced Defense Systems,https://www.linkedin.com/jobs/view/4237911108/?eBP=CwEAAAGXJeZP41Te1T0ljH43FLjxpTGQCTFe9QbcON8YHrKPnb-Y0d9OqDQB95A6nf_KOTUBFmX2-b5uOZ3FWt6zZ75VHUg23yg1MGSLfHVPOGHAUuv1Cgqbk6T-AyCVQUJgRoMHhHepPSaPqlBqMbik6SrlWRLma_-6oB5c08noxxyo4zCbEOcJwdxWXmw6rq53pRLm3uaiYFRDyzUyA2bQgXWaPQBBc1V4wL5zJr9L4bylZUeQLI1ApVInMCWevOBK_UcpPNtKqe06BcfUqRuqNYhxI-fik9qZzTMsYXJgsV4gIx4y0RRWYuBrVguxzEqLGCQTE3sXCZV-8hLOmyR4s64N67LkCh3nlw6K2x3rbIXrQXW0ASNHe3ESBN6tkrjTgQa7jHkdaxEfzg-43cqEdFMBWk3e26tanWzo3DCYbTM3xrgWn-3xhdXoadK6UScW8uZsITt9PRroQDrTLtvArkAVyeoBGuA_TTQcXGm33XC9sxyLJhvcxP2rDwpLvwLOeEITSXM&refId=xlH9qeLAxLwNWur9aCBEqQ%3D%3D&trackingId=rGqmjiiCdstfDM9oBBKcGQ%3D%3D&trk=flagship3_search_srp_jobs
"Embedded power control engineer
Embedded power control engineer with verification",SolarEdge Technologies,https://www.linkedin.com/jobs/view/4202942994/?eBP=CwEAAAGXJeZP41hSgUNKrblVGSYdA1rYjVnNn5aaI1NgqmKF_47ZTFobq8iZNFtMdxZbofCr9mFSM5D36v8cESQGXJp08HF9q5BKpUCAtMJprANwXA1vsUdvvriDQH_CTap3-yzguDLQQ2UHiR-2VYJvy6J8I9_AOoi0kXwiH4WKtPUy-SnbZQB8iynRFLWgcwOVNlw_8mgizMDNTxJIV61DqrF0L6f7M73hg_rDg5ksPfaJagZ4X1Jw0U0m-nS1XnS2LhGyRbddLRwujE4YCiVfXkkybAfCtRN4qFPDUm0Pvknq7bsu5NGdIpTJ2M4DA0OWcbHKd3q35VTWx2xSR4XAqDMTm4alGsjPFgTMtWkAH9IlaZa-W2TH9Ta6dXvTfpasK_iVfnCoX1L4ELQ9YB1oHswrQ3HrmSLfuvzCwaHnw7Ww0_jHb8tU6_wz5C8lwudCzTO67npbT7qc-iI3XaANy66jh7jCGHgru4X2mXohlzi2TK9aeohrjXjCo4NTKSWgFY5yRukZrg&refId=xlH9qeLAxLwNWur9aCBEqQ%3D%3D&trackingId=ALWhjO1RjPyBE7dVAXf1LA%3D%3D&trk=flagship3_search_srp_jobs
"System Engineer
System Engineer with verification",IAI - Israel Aerospace Industries,https://www.linkedin.com/jobs/view/4230511396/?eBP=CwEAAAGXJeZP4wt3czAgqyqyuShYnTrznyzsey9vfHPxjjzGnJUXrL0WbGT6lu5BuuSnCd0CbjUoYgVaPNG0URyQ9NXvWyK8ZbJKT0OLXmb61dkWQVkddYC8Nx8evMarmen0BIOmnpzs8TCqL-05W0WpGCHKuoKZ1bnwNTSlKtFal1K-jyfkq-f-MHzOKiw84P6iHcBTGti0W6z1lCBjszW-yZjHEoJw4d7wTFYUgvCUR9pUnEoNDQFodKUOrtUOzVwTRloo-6htGZspdC0stC4tJdnmW_4aQxQok6RtAWHU6SMbsmOeUTwIy-sKsMWYYNV4uagvGyoAQ7qlcakVnYj9sLd9jKSk5H0q2QQAfONnLcZ1_V7KXAcnm_0abKi3Fr0cSzQez5yFJKWL5tkKZauTV7IfKmXEPZxCZ0v-H9w8s9buFgH_2TRT9L_bdaEF36Lxia8I8Knxc5_gPWnRhHZwSaxAxvAOkijbpMZrfbb3Q3LTdm9nnYaYUCHVaR2MuTjDIFWKE-iDjg&refId=xlH9qeLAxLwNWur9aCBEqQ%3D%3D&trackingId=Hrk2KNXzVtsQnXXKIoRWAA%3D%3D&trk=flagship3_search_srp_jobs
"הנדסאי/ת אחזקה מפעל מתכת
הנדסאי/ת אחזקה מפעל מתכת with verification","SodaStream International, Ltd.",https://www.linkedin.com/jobs/view/3974755398/?eBP=CwEAAAGXJeaIWNPH07cs1pdZZ_CCtjdn1gFs0rswq9w9dnmNnUJgi-IXTseUvltlevDrhsN7QhqoTFEVAWba2pri5Qba1cv6DxeKtc3votwq1oI5_gaNL_ZeE2KeXT3RFiG_tSzcz_E6f0LcaR6gS_WSJNTUG687ByNq-SEW1wPl-8l4YhCmgX5IA2rESIT9CJVOyoUQ_qeBcT57xVlL6jiX_ThDWOe9cKeOd4STtltrM_E2w16ttjChH8nvscUkST4CTOdnDzrMaaXo0ENMiaEa-URhcMy8NpsVnK-jLvVhB5er7mL0yOetPpR5jJCL0pB_dwB8bqCdbbpALAhacDaKFpE9Ce9Tnf0TsS2xto_zkErskahBtKBZ24jBb2x9ZkRSqiEpvIHSK63HhF1-fmld1QXrlN88-i5EiSmlyzUj6jzCiTWzX-5VEBntI3nmgaKj57HlMM0smBPDQfe_xK9AUOvE5sGS11hxTLOwmcYiSK_0vPfQoEVg6Z3zX4VeEjaCterUaLM&refId=zqxEBdovncrYUueVSQP2mg%3D%3D&trackingId=ZDfTm%2BKPkg0M9sLJAQXrQQ%3D%3D&trk=flagship3_search_srp_jobs
"Practical Engineer
Practical Engineer with verification",Rafael Advanced Defense Systems,https://www.linkedin.com/jobs/view/4214545364/?eBP=CwEAAAGXJeaIWEMF6nXYnZaiq32KBcCxvvgNIIuGuhX3c36mqqNcdVh46hXPfkG5WhVm5IBG7xvaexlyHqB9KmTzaKeiATLcyeQleJBrJQHTaKrR7DRaiFvZWbeZfaCzXqktq2R9i-Ruak-z-5zsZNU_KZ0piKc0DHbMepF7sFAd-2bo99HhCsiVyUNs0r9N0sFjdHkoAZt60o7YrrC91k-bu1xlFwJUXynIKCE3sB3bNe4H0hCx3TBChPAleYMaUTmu91kQLVBss2DHtHL9qIN9PKbUqo6zZ9EP2vQaIYgTlwOCfeRSqbn5wRTupEvuKlEzULS0CjdADWE-acrST8eCPm4NiYzU_JK5c7GzY7071ja-NEHsAxtkz3GgMHzU5E0yW6JF3iPYoq4hiHjkrvaoREs_jPEqZGn0D4oqKp0gBkKCXbzfRMVvdx7pxo7CpFIjsrAPgISLYgTlA93VoGfH2NMDzx4TqXHCRo2myqp3A_ts_R9a7Z53JFfMHiv0VassCQkXuY4&refId=zqxEBdovncrYUueVSQP2mg%3D%3D&trackingId=kkJwKF0HaKk%2FQ1kyvflzNA%3D%3D&trk=flagship3_search_srp_jobs
"Test Engineer
Test Engineer with verification",IAI - Israel Aerospace Industries,https://www.linkedin.com/jobs/view/4161930827/?eBP=CwEAAAGXJeaIWOmto-O-yGGn28TzR5crUpESaYrv2C-2qsiVXDBgIHRYHEF2LrEfaVFzwgE8huQbAtE0emB7vPsZL6idytSCdPOhwe1fttShZK4Rskrv3XfwngEpRCfDf7QSe670eiOfdn17PEwXzK0x26YGhc7435d2h-oyhMHI09cnGh0pxcckJU1TL9xXtfpJNFQjwdKAl52E2OcMDcnuHGP6zUxVDCe5wpcxiwkFupPV6cjFtluKpdmkwsmu9Dfkc7DCLbKvDpODyD-B5Zq9lGEMz7zZ6kekGEC1G3HUS8WRoaDiUoDq9wWqrKgHkrxLPaUzxlqkiv0DhkGmSjlCMwj55vAYWhqALWQZmbF0Kb95mHyMl107fQ-a8XNefmDCJLy7DKXX7HGln7aXKO2fqTRISaS7Xlr62PuSAPT8Z9StLuOz6yjKS1whocAd9mxlAk3zwN0Ck1iBiJ67liasF7e24T9fW_LOPv0Jh_LQPdeg322z8oA9bY3wGwmpOKEM0m4ioMQ&refId=zqxEBdovncrYUueVSQP2mg%3D%3D&trackingId=vqgKzh8Lipj93no0blAM%2Fg%3D%3D&trk=flagship3_search_srp_jobs
"Electronics Practical Engineer
Electronics Practical Engineer with verification",SolarEdge Technologies,https://www.linkedin.com/jobs/view/4180563611/?eBP=CwEAAAGXJeaIWBihge1rCcuDy5pC-rhR-zLeW7SbQq69vDTTMAWpW5_nUdERAs5GXPHcvm5SeUZzslKXxqA-2MY9UePspfqUVHVS26-_X96eVcVgwuuEbOh9Tb9wmiQGasVQdonkyQ33V9vsxR91I4roBk_F8ucpP5-lGj4HzK1Gzj2aj3OyiV_78EnaqzGWNj7MjSLP94Vmx2Ks_Iknt6UWw_T3K5PK4HwX6tt9EQbjlnZzGP_NKPtBa5--venPWnhiF7SGZE_C8e9BV7z8ewOZxrl1OxKIpYG0RTJW0PhNvm1ih88z1FN11MvtXvCxzcgXvE4RDTD5shs8x-BZ9j4ZKTnF8m-iG_WOhJVhVvmQXt1NpXBA1gJE2hpbfRQjvlF3e-e-Ld0TbKfrf1sF7cD6IkYtCVzVKgr_X2siO7asTSwjVR5QQHU5mUGjo5dLklndsQ6Wm7TAZI0ob9up0Pf5AUmLEBbhbkSTKJ6lyLkeedhvshL6XVoS0wMext2GNOufvbE8kuFGaw&refId=zqxEBdovncrYUueVSQP2mg%3D%3D&trackingId=kHFC7vyCw3irZjKNCXNDHA%3D%3D&trk=flagship3_search_srp_jobs
"System Engineer
System Engineer with verification",IAI - Israel Aerospace Industries,https://www.linkedin.com/jobs/view/4230507729/?eBP=JOBS_AUCTION_SERVICE_FAILED&refId=Q%2Bx8630gibqdAwBtwHEMgw%3D%3D&trackingId=xC9qi%2F93ddSHP%2BeYRq98Jw%3D%3D&trk=flagship3_search_srp_jobs
"Hands and Support engineer
Hands and Support engineer",Natobotics,https://www.linkedin.com/jobs/view/4196255876/?eBP=JOBS_AUCTION_SERVICE_FAILED&refId=zlFITJV73gJndzighS%2Bb9A%3D%3D&trackingId=4jyuEK1p9D5ztS4BttuLww%3D%3D&trk=flagship3_search_srp_jobs
"סטודנט.ית להנדסת אלקטרוניקה
סטודנט.ית להנדסת אלקטרוניקה with verification",Elbit Systems Israel,https://www.linkedin.com/jobs/view/4223555326/?eBP=JOBS_AUCTION_SERVICE_FAILED&refId=zlFITJV73gJndzighS%2Bb9A%3D%3D&trackingId=BE1BMmL9iqvsJs4sR3cpmg%3D%3D&trk=flagship3_search_srp_jobs
"מפעיל/ת מכונה מנוסה עיבוד שבבי
מפעיל/ת מכונה מנוסה עיבוד שבבי with verification","SodaStream International, Ltd.",https://www.linkedin.com/jobs/view/4202231188/?eBP=CwEAAAGXJedsYO-4ehGLdy-L4CYKnchawf3vMNwGSs1Yq5-oeuyYMNxtMmXXnRtiT_9pvBiJzcPZ3lviq3f-ohcQbYLhQ34A7B84-77czzsKp2tc8MT89omJtfbDgmTHvqXuhHSd-f_BjLX7AiXbB60fuoqJfoPdMPoYe9zZ-qT5UH1q0xBTute2Keb4CKO4rFk7wRyMnh_korWwdKauZqLekwgtzc9jtUL_iKZN0L9RPFe3YKTEsV05KMTCrQg4bBgCo9cjGM1Zs74kMIZfdAkwnRVEWQAvpCEgv5PxDh--b3i4xdLmHSohQnZyyi1_YdPEsToZuOM9BAGhc1q_Dkk6NC6IqI5-tx9LmQn4w39wmfGh58mtiw7pdrUcjgq5s8KPRs4r1gdufNmdcNtJd7rZI3ZQJmgJtMj6iB2VaOwTFikhoPNtMoLVvxpfvZMHz8RWLR7IxnW2NeakS8-64WQVb7nyiO_zQV6AxEiZQH-II6MSfETEOZ8DGl0lT3lu-Eg&refId=VYbl98qqpTnoJJsIj2nvoQ%3D%3D&trackingId=dmvS7bR0d9QOiwY6zUEsJA%3D%3D&trk=flagship3_search_srp_jobs
"אחראי/ת קו- מחלקת הזרקות
אחראי/ת קו- מחלקת הזרקות with verification","SodaStream International, Ltd.",https://www.linkedin.com/jobs/view/4218600435/?eBP=CwEAAAGXJeemgDBI8kyoH12w1Ndou_h4rf2dNgMpDDUNulkSSj9LnyV3N1rxvyNxYjMqP8bZ3NWOjMz_4CKkxU6t9LINavWIaiMPgJY7m3fRuV0aKBFiFgnhog4dk4yW0-re0AITHA7l4SJBWvWgfIHgcGsRRyD5TXceFSocNd_k7bpduVO6hR2G8Eae7s1WTyt-vaK9mtAFXJP644kPKq9pupqqRMZTCDiht26Mh9elaSe3RzeZng6LbGFeFdRRm0Hl9aw7uWrSyMBySESwXYNbcZE4OqxJzOrTDET_GResH4x0ID8dkiWW2bVQtlrU7-bx5bZmVTdMjk8BDi0N-fZKdzBc6-hRoKziRwinEYuDjYZ__-iiGOUXaxbgzmkpUDyXKftop2VXBlcDZigBKSJj__WkZNm84imQy-ybNFLiZrb6vep8a3UBbRRLFUbZ0ZDK-UsMn5oMXPSqf5yp8C0nO0_9oxtMR1uxUoVDW7ey3kpp8c6pM7uuRp-6ayFD4HKvMhI7&refId=vH9YoVYGIW8M6%2ForZW3HvQ%3D%3D&trackingId=Efrez0tF%2BtQWF5K5dwKtjw%3D%3D&trk=flagship3_search_srp_jobs
"Personalized Internet Ads Assessor - Hebrew (IL)
Personalized Internet Ads Assessor - Hebrew (IL) with verification",TELUS Digital,https://www.linkedin.com/jobs/view/4232424131/?eBP=CwEAAAGXJeemgWAMCSDtjyIbPDGc2I6jPxnV4QWNQ85nSihq8dwFSPxisoHPXOkGbXx0i5InoGsgS_Aid86Z6XU6uxyVtKWUVcOFc3EicMrl3kZ7zEEp1_G56DRnGl_e7vMH1-a2b2c3FQ2JIqgYuWstt9TOwEpy0v_aLVy8tr3Jgk4XDIxLka944duA2dsON3dN8eNzkp1i_KuQgWqOCPNudOQKw-7-xuecunrM4RhFC9Gp2XqY1XAw_yL6wh2xBZqiT6tdw3d-cWjQyRMUEcb7rPt68cmR3o9X-_OQPg2zuPOySZITI9r2p6254i2lTc8h9oO6fmlzCLybD_Pxf8PT0oKqgUfD6lzARrarYWuCn8r_hpvzizUmG2AOYg7r209DY3h7wQkAXM1etmVAUCpGvoK99Hqkcg3NeJtxfPgoOkU22J7eBChG31G4ELhoXBV3VeqtcOnEi9JgeCvWQB4k6HcGvEvafJP4IhldQ1iqHAdOHO0_xcjbYsBiaj8gbI1QeaOD9J4&refId=vH9YoVYGIW8M6%2ForZW3HvQ%3D%3D&trackingId=i%2FuqspNEFl3lqvPlqZbRcA%3D%3D&trk=flagship3_search_srp_jobs
"Full Stack Engineer
Full Stack Engineer",Tracknow LTD,https://www.linkedin.com/jobs/view/4216063096/?eBP=CwEAAAGXJeemgT2e08alWrqQe2qzLFV5VFLkcVnMbNsozeHkw7HsFUNOOhAp_dnFM2cpYUStT63kepmvtf_osR7NeBbykoi3le6RS406d9095qFqm6Tfqn7__A4Oub0SBehRsqX1GYdjG-eRFzMYok6rWGSU_hSaqwJGcJkyja4g52DUrXGf82IjDsIToKPii2kbF9JuSxgcFK3Dz5ecT-i5JTcaQXmt1_IKQzfT0VtvYiVGGfOoUZTh6ZRVWNIoRCuk336a7sS2PCYa4ioA_AVsoq2k8cr0wIg7SSd33xJHGIeLs853hPjUVYVQxjhgQdpfUqH0wW8_sR-n0eJRb63TEOlA5ivNbFN8tVJx7hyiEe9-9_2umWMv5_BSl6fNXaUbLaD_TLh_327Im7I_Um2habejXlB3Svvbs2kuPW3oxwY91SqlwPm95GlvB_nA9jKwdv7TIhzcBVyMAkQg9915EGlxMCfru6HPhhyhwuf7YkWUAulV2jVG88A&refId=vH9YoVYGIW8M6%2ForZW3HvQ%3D%3D&trackingId=p%2BdEUCYOpquWKrHHbvoDBA%3D%3D&trk=flagship3_search_srp_jobs
"Demo Engineering (contract to full-time)
Demo Engineering (contract to full-time) with verification",WalkMe™,https://www.linkedin.com/jobs/view/4193616214/?eBP=CwEAAAGXJegqcSF91FLk5eUJb0ya1PJ8LMGc8NXEooVO2ww3xiHBrtQu6T8rRqfiWtaF5D1GqT1NFKNTure4wNoUoAbgDPiHawTBsffgikIccXuhw4DmZsTOdqM6RNCf9QLtRHKwiAhQ9kYyRQuIWQa1AiMulwvS4GqBA2AWwuB7YgCdV9wkEip4usnblxPoAGmvi_SkiGrWvH1VBoWdL3Yr9uI9GVbO8qGMCA8RDfSjkWYSOWhsResG7rpFboSJ5TF_KpjXuyNWNAR9tI9jgwl_hsY91n0K70BQKaWqb1eewxrexEWC_koyUADEH85MoVeklfO_dEF7xHJKFpkwh7Be5BNsRN79gDStDZXu66BI2aUjPJ-RmjiPRKpSUC6l_hjJZowk92bgZEvXVQTITReThnjJ2x7Cs8YzsSiLLI1a8bWVvDRTaFVk5o695baVaEjlGYd_7Z4dx_oyKP3QvNE8MpCnAUqDO9RcvjkNLoHG5CQVr5Tl8WYVpUuociqfHRDyvcUqAbQ&refId=wsgFjxat0ZBJJDg3m5%2FrYA%3D%3D&trackingId=tbPQxhq4iTwpKueUpf7ujA%3D%3D&trk=flagship3_search_srp_jobs
"Intern - Support Engineer - SAP User Engagement Services
Intern - Support Engineer - SAP User Engagement Services with verification",SAP,https://www.linkedin.com/jobs/view/4204870148/?eBP=CwEAAAGXJegqcZ6Ju8Ornz6qiVLNXCBLgFU8_GChU7nbt5IQHokfRhCfZFXwm6jwyQy1N6xOBSzMd4MBZn_-JmulGb2j4ukgs-bbYypIhe-dI9X3KY7g_mm0s8X62eQr2Otvoa6JJi_CCfIEtWY7-W_Agwro7aZ6n8b_JzUqoeoGzENvYxUt9Cuo4i0HT4eVCLCYNo40DxhZTrZUztlF-65ZHAL0hO3YuetsKF9xUdmFZTXwT3qUjqcq0LGQc4qBE3UIlvt4-SgY70w59Y_oHsUViZh9dAvlcLi2YTxMzXDUCMaL3KWbhdTbKvfU-UkHbSgpfuJaCUSIr31TiuDET8SlDfuH0tjGBCP4xOCP9HSx4q35qq15vQOf-hnVrEtOCRqJXEA-jxGEsua8XqpYKCO_FClyoArJIqk3xW7_6CEtnlz0T4bIrozRN0qdK2-ym0rpen5bLT9fT9Gjc71o42-GBDIhOd_e-V_dtm4M3X9v3miXUdJP_i38pr4EgGWbNOPiEa9YOdshvmdz&refId=wsgFjxat0ZBJJDg3m5%2FrYA%3D%3D&trackingId=dcBjdEg9YhGS1GFXURwyOA%3D%3D&trk=flagship3_search_srp_jobs
"Customer Support Student position (Part Time)
Customer Support Student position (Part Time)",Connecteam,https://www.linkedin.com/jobs/view/4138140192/?eBP=CwEAAAGXJegqcfhqsKpNZR32fKNZLJSW6bD_462bVQ2e62UfAOqjk7yAC6VfIN9inx9e_9YuaDbe63Ce1gha73-8qqT5NTf3FdVFGtydxXY2HDxZktenwIbuvWcvnL1rkU_atMA4OGsMicce_rquMtxKRvkGJpqO6hVOPPGgNyuhUs17IyGQke6g2H50dStE_rZn1cG4MDpcaymOF2-_okAL0lGEynqC8FUppgCC5eJ-BBgwljqTUxnYH8Pzc3ZO94fDVNTkEel69mG4AXwGswnmywC75pDrLAAiq0mEj5K740fZEP69fsNlqHyJZTa5QX0w5FCu06TVa15hR2K-7Mh7DOj99du-rSome4CmwiJNmqW8van5nAFgQWbN8qdzoMiT-BEqYA5-F0sxiSe_RHgZt-X_eDHE-lwzE7Nt0z2kqhPJK9I_MYiI7_Km1VztFwebOzarOBS8GeZLpgzN3z9_Py3A3f7vMkBh08vNeR87DzvGBn5P3zqFxwEWsAadUchbA5QkW13h5g&refId=wsgFjxat0ZBJJDg3m5%2FrYA%3D%3D&trackingId=%2F1x9%2F2M%2FXfz1zlf4%2BcX78A%3D%3D&trk=flagship3_search_srp_jobs
"Junior PMO
Junior PMO with verification",Datacube,https://www.linkedin.com/jobs/view/4237087313/?eBP=CwEAAAGXJegqcTppfZ_Np1LbxSdqNyzvERCPmZwpvvCV27Oefc375P-GfMi70wlX70Gxr-KrsrjQzrjJlkXiEWYfnSXF1PFMKzboftJtDtgcJzJR2CpMsyt6iJHGGqY20ANi9caHhWcuJy33v2WLke8qpm8ACMHQ9-8NqnYMy1zXvwALShaAdE315vbQUviL8s__LBadJ_R0LKSeWqCPzm7xGIP1txMbnIrLZV0J2b95qkBSna9CZRkIM91ISpo6kw-vGcD7gDOoqD-Co5kzAUg3jBeS0LKgz_vZ-_GOaGCtEIzXzU5441GjBlepAy0T1Z8Cj7_1SdeXsFabULwJ9rr5wvtMqLGDm4SF887oGATuSNpsz9uTlkdRArzAMgperdCajO6s8xD8pBEo19ewrV8oxF9X8YE1MPREIeL6HcfZHYgvCBZMwSOWwAF5nLtnCZUZLu_zQ_VI4Usf1ZW0el3P0ZnerJcSUgYp6Fs_g04QNNfAjpDhaPIwTWOWgNsZpteqVdEhLB2Png&refId=wsgFjxat0ZBJJDg3m5%2FrYA%3D%3D&trackingId=Z4Kf5Q%2FzyCzH1Kq7kKfz4A%3D%3D&trk=flagship3_search_srp_jobs
"Customer Support Specialist - Student Position
Customer Support Specialist - Student Position",Rapyd,https://www.linkedin.com/jobs/view/4230284113/?eBP=CwEAAAGXJegqcbBdeDkoi4F0QSmXT_L8_F7Jmvwo56tDPob4k_-VAZmTkSyH-_Xi5njeHPir1hLwRExdgorcl8H6lHCGgH2GU6VxbYSxPvxAUSm9rVwVlj4UJC13C9HIQAxGW8YnuzfURKB0-SI2HvYOVwhn3GgwZNUADXEwBKhVVR9lqUAqYJH3kGyv7IwHs7Fy3O7sucnsBdfPo4zhzq1j1aSVOe8W8t9OuzMzarE_WL4L5RHbr2_mUM-u_w8kn4I1tTZ6UXg7Epr4x0j1kPku7OCHIaKHO5UCo32z4KUivuWAVHJSjyipv3pE70uVMySm27RdKPe_yai-bP5YAPWcSmev088Y4IA6bXs_qmaQSNcxKJhGPV_MwT2NG9Qk1NO7je836AJV9MASx9quyUYu-HDKgU_NxxvYpwu07cmfzrKlZ6ZpWSoxbJdOSIBFwMLvTjS-9tKU0F2xHt6joh9Y4R1nXivpP6zB5Q5TYW3Ga_1AGZGfhboWr24nevbPWp3zBU5oOD7glJXU&refId=wsgFjxat0ZBJJDg3m5%2FrYA%3D%3D&trackingId=fCPUYHtWi6DLkvFdvMJ8VQ%3D%3D&trk=flagship3_search_srp_jobs
"Professional Services Engineer
Professional Services Engineer",Apono,https://www.linkedin.com/jobs/view/4233603398/?eBP=CwEAAAGXJegqcSaWhlS3dfC04yt-TBp9_Y1bIkCgbdvPS9d6y62-CMIlKq2GJcX3_090x--IbyrJuyAZw7MZ_Weq5savzzfZO8fwKZ3vdHMRU6Oirzm0JoR6qHfK-12tPQLkCLnr9ETFNQ_h2VDMzh9HLowX_O3zsdBM35qK-gIjjuKkATK6E__i4xSQUgLr8-xHFSnz06VJfqMj-xwLCsmTREsKVkM4ESPj8_hKyzI1bqYf1BnFs8rLl6_McVt0tt7ulfRuZlockdYPgAMthciTp66uRaJW-4BOB58sL7Fq-ezOcZTJaVWZuL03pQ0KusOmtZSSgd_R3dqSRmR7uUVAGe6xyJbpWKKs4UIx0nC5jMxEbVcGTGNCbw1utWTVGtKlSGkU2RZ-lTaJpRglFV_IAvY75X4LhBGBPupichScmDvLnXg63ZKfnqYmb52atxoQrUanajtSvOebMMXnYbUiyahFH6GqNZ3yVBfrdyQUjFM-jDi7LIm9lqYefGlZDv4e270XNDF_lqAYoA_3BtF5F5J_hlPiFA&refId=wsgFjxat0ZBJJDg3m5%2FrYA%3D%3D&trackingId=LRWGHhRYqdSKS5AZeohaTg%3D%3D&trk=flagship3_search_srp_jobs
"Chef de projet Monday.com Junior
Chef de projet Monday.com Junior",Ethanolle,https://www.linkedin.com/jobs/view/4221107813/?eBP=CwEAAAGXJehTAaE-a7HrnMIlqMentNNbeH5EUj58fSUJA1qK16ThJanB18xNpiyDY1C5skgllLQ0HyhRP0enq7MzdYxkteglYQM752Cu7HLPfqzXInlXPYDxjJ5RYgLSUUm0sL33CZnyDGd-9IMoZ2HGCk_lq7hZD8ua6inOhGwwN8-O9ZFAz9oh6K2SjjXcL7CyaZm9eomUKzTyWLjymN0pSkLEsyCuOXsKJVhzC0TTmKBkzCnkuIUEYQOK7JyIv2ayRzWUfRP3Ra5GRcNM4Lme3YeBMgsMJNvZYvrIvHj7VHH4KXWtPUwoBXHv_hcfCIxJTm-jroPusvpNX0VJySRgCTi34YO6FUPLys1BMKT5ZQVWAPNp9silh44v8mwpzJTKwuZBtqrlxxX0gimEUldLVethGsFuguKYvbCMZDx6U7pAcFsl4eeDCfdImQl7acIn_yY0WBFJrh_F&refId=rRL2Kwzny1CWsduAfJxrFA%3D%3D&trackingId=OBoqpH3O4vmr%2F%2Fkkl57kJA%3D%3D&trk=flagship3_search_srp_jobs
"noc\דרושים/ות סטודנטים/ות לתפקיד מאתגר ומקדם בתחום מערכות המידע
noc\דרושים/ות סטודנטים/ות לתפקיד מאתגר ומקדם בתחום מערכות המידע",Unilink Ltd.,https://www.linkedin.com/jobs/view/4233377231/?eBP=CwEAAAGXJehTAsg6Mzq_vaPvdDBknprcPfmQLv5rXW77Xmu_xiXU6B1ZnRfdBW27_LYub9plA3lX1qDTb7CUpXbhUsAAH-KrMqT-JO3DpoH5spkOmD8ANi1vooW2Ht02ydLSaomQHGluRu-KpG6smJMpBHzCVtfz9P4OH3hLbBSWVQNU0y4y0efwkatVXlERvXXGpdU5a7v-MkfTz_4eg1oCgUiT2q2xbXdwvFhd7l_eMUfvR9ur6S8q0TVWufWnxRj_Dcreh0dC184fQpHsFhAwdlrZXlrhPxXAccwiZvZYnrwksFGWHTl4RVbelICaF65zhn-caEG_MfIJJk4BOL1cbok2_sD_ZQjvGnQEiYKZuYSSY8RtJ7q1_RJ5zbXhrXk2Oy8AvgfFzGCUNqAm6QWX0nkcH58uyn1gvZhdA01dtgNjfjXl3-1VnmFOtKdRhFE6vJMpkkv9WsSvGRP_yrK23h_BrgGVHHIhcQ7Xs6O_jweS1_Rui34JTrAaWiIiTG0I3hPr&refId=rRL2Kwzny1CWsduAfJxrFA%3D%3D&trackingId=DIeIalJ03jnUk88e6EdLaA%3D%3D&trk=flagship3_search_srp_jobs
"Information Technology Intern
Information Technology Intern with verification",BDO Israel,https://www.linkedin.com/jobs/view/4235875978/?eBP=CwEAAAGXJehTAi6hHCHlO8l2nZ-vcVXxyqOV87fRDaumMtDB-Z8b1IcRWerGjoRf7TJ5hs-_S8r94nhDwkX_LECTPv5tKsxv5wUsWPdjxmBkJQCiB1NO2G1sf3qW0oxGEmdwjJWiQNa-nZFHarK9kdwQQ2-RC9Nk5x5tndTpry1pxhfdH86QQuxaNSjQaA11esT1SRvNXoerne7I4Be6trseE8QJ206Oxwymri0Eh40N7Cq7OeUyN91CzloLzoj43FmzOfqhsHyVzWwAhpzChNd_Br51ILZ1HaYerg4FIfPL5JhZAfX0ERQUeFOxri6caC7gaUCxp9GgRLMdL9LfGfQIiELW9t9o8C7Fn0W7aYElY1kl7NCwbCCzVMLYOIF7Yj-F46BDcZoQ4_ED3QslVQbwOt7y7a52P544QqARB-DuPJiNba7cGryeRWVKu0xPk8DnUeWemEXQx1c4-nrw1c33p8HdXVpdGSWckwWfuzJXW_bM1AvwK0Br84YJLFd1ShgquxJDIiM&refId=rRL2Kwzny1CWsduAfJxrFA%3D%3D&trackingId=khzX4erJeGECQ7VK2agwsQ%3D%3D&trk=flagship3_search_srp_jobs
"Computer Science Student
Computer Science Student",Stealth Startup,https://www.linkedin.com/jobs/view/4235202172/?eBP=CwEAAAGXJehTAkTExPg3J8gW02KBLfdkIk3azOArUoZisiuNuLCa_yHWHVt01knwViw2nosZfdfT6mP2dttLbPtuxhA-TFvDQbAgUHvOi9Of1W4ciATG9ELrKU-rMMCMShGXvob0FAwjpKfy9ine6gKfJE52XWFOlfEXKlMcJT5C_WD5-_9mZirLmZPg3-QQWHk9kxqmCo7Gsxc7VH6Hv8T4Lm92Ie8EHnKtj_FcJV1SzX4kySdkY4O924YX1VI0VpZBxMLtZ_h2wkq0l_ErDwKepIg7zk5ICLHH2DitqH6xptSTDF6kgl5zQk8lHve-mEIci-zOuNGnI0s662HiSmNF0INGm2uWLoch4jMdW-67RVRtqs6Qs5waHICSDBbWSdI-Bu8VWmVInyuA4xEXl7Ul1_sLScVHrE-ktiJhQn47JPEbODeEznIwgsc1Zk7K36ltyWM9vcgup43Z0304Mq_mjwlYgxTtJOLYE_tVExc_VZrgcko9ioP4&refId=rRL2Kwzny1CWsduAfJxrFA%3D%3D&trackingId=BkgevMO7pBGMi2rS91w0BA%3D%3D&trk=flagship3_search_srp_jobs
"Chip Design Student
Chip Design Student with verification",Amazon Web Services (AWS),https://www.linkedin.com/jobs/view/4225513882/?eBP=CwEAAAGXJehTAtLSdVhGkklVvfzjGegxtUjMzXxJdtAoluWdbeo-RrKljM_qESxlTHd1R0ULjBj1UuF-K6u2HQGCg68OR78bekaHU_QM4PjqMXOhBf_gBJZhqcQHnl4YTcx-KedB1R1BPk9UROVhh1VOFqcPogE1896yRbhAW0ADG8vKxjuj72mOtlvy70SQYbl_sDb5EK2gfOK3IajBsZ2eTD0cDOQnkgD-qygI0KJviq_lLZC0llgRjWLKFrPPRjvb1x3R6GS9kVW0V0F6YRcz17EUBM6un1iAgsoktnIJc78UtRZywMOB4pqhj9ymfsxdcCadtVr17Ggy_cF2sRQ04zBLdve_lwWDDMXixDRMm0Ph8oaVNRCAtUeCXHTN7kWet_QaeK7-jaVz1w4Q8w4O5hU57z_7TMkJwtWmbyluKFVTBha19b3IMMgftlYXOws84OxYiICMeLO9Z1pVUB2sMzPNsCIhrjEHEV8hbQqJ2XyOKGJQH6KdaWLi1xBfUgK-30pLZ2sNvQ&refId=rRL2Kwzny1CWsduAfJxrFA%3D%3D&trackingId=8rHghtp4FZI%2FNKEfWhRCng%3D%3D&trk=flagship3_search_srp_jobs
"Developer Student - SAP Build Workzone
Developer Student - SAP Build Workzone with verification",SAP,https://www.linkedin.com/jobs/view/4204869386/?eBP=CwEAAAGXJeiJTE4EoAdWu-g7Vpz03NdLr_Nv-2oC1DxSc3SlYuAtTgtXLdzSQ1izugQkcSos66KTsyhENVot-AE88ONB_NUg5ldRPbdJPsOgdT5fkSS9Jq_DInWPyInwDxVxr44P4eKakS2ETWLhslcWm7BNel6fWhMCD_Lh12DYUWPfYzq3c1uw_T_FJ9qoSApp0PK5fWvNpe8b6QB8fLaSMOiQp13v0E29AWBoICxSMUE1i77qBw7RPfQe0SeQF-ygrcyLyw1MsIHB4W0F-B4l5-X00VG88SC2aBsPAEUjWUYbyP32iyyD1evYvAx0iKLK-ccbcHth782RTIRn52n05vyaDIWv0LMefNXe7XD2AOp1gs4dXq6OF4uUNZA6OxC-xJgwzkJPHoiDimErM69g8fiMq0de3cA1_NGhVcLwR6KicUkYNDLA3XaT1u2QYrD6W1hDSpMm8L_u4nkS3FxcY0V6G9SluKQ8BRqo1FH8rW3JKFvUIUcqxcBbf-ytbIuhrszvx3g&refId=SUGy23FqqqjWOeOFQUxeNg%3D%3D&trackingId=Mxp25Cm59dULgTOFDo8SbQ%3D%3D&trk=flagship3_search_srp_jobs
"Formal Verification Student
Formal Verification Student with verification",Marvell Technology,https://www.linkedin.com/jobs/view/4234992039/?eBP=CwEAAAGXJeiJTYxbPaBMv85uKzfZCYt-vA98gU_doIPpCvbZ9ifHuOJM1DvBozeNs1Tcd_Cia9UYjAc1QvvVscImlb0Qz-yj9vjR0LiOIkeEl8HfrBC8tL6VFkiYfFyyV-NQS5BprTO-uGqWmv-VylyiMJEcAhnUnN21wKfmIVowX1q37RnXLcElom5Mcvxd9F9o_YmMWOPHi8H--DGaOvdjqiygOKwNWNpgb13S8gkoDS0m0Wfcl-UF_sirUkA1yClamPUcPlpcUa0GQx4r5y4T7QkjVhIgF3kA9FN_LPtM1EfE1VvDXvbt2WKGj3ahkb2d39l2_FK2mvwawPLFCbAPit-viay4xZX289ACE3kwmV7K6ZfE_IPM9aTG4f-sWlQWcg5Sr_f6F1xmNRKVXdV9Fka5l-QhnmXXRkFLCx82k1Mx1vLrpIqV7LOTKim7DQogOMO2KP4h_uUyB4evP0ezuVQfo6Abt0KjtxteCCqfDF6gYDGzADy45bDtQx9B75yOYJi8qxM&refId=SUGy23FqqqjWOeOFQUxeNg%3D%3D&trackingId=iCk7KMi3zeWx6FqfXrLatQ%3D%3D&trk=flagship3_search_srp_jobs
"Engineering Intern - Summer 2025
Engineering Intern - Summer 2025",Sefaria,https://www.linkedin.com/jobs/view/4144599812/?eBP=NOT_ELIGIBLE_FOR_CHARGING&refId=r1L0a7DUxiYsis5qp17L0w%3D%3D&trackingId=d2nX5%2FmTWpsrWhEc%2BmhSLA%3D%3D&trk=flagship3_search_srp_jobs
"מהנדס פיתוח תהליך מנוסה למו""פ פורמולציות- נאות חובב
מהנדס פיתוח תהליך מנוסה למו""פ פורמולציות- נאות חובב with verification",ADAMA Ltd.,https://www.linkedin.com/jobs/view/4222442464/?eBP=CwEAAAGXJei_zjYLGCXnLGernlm_1qgomuNe9_GOckM0xyRmf6Twje7KLooIOgodPc9sfqperImo9X1U1GhqJbnU_6u3hCD2CGP0KYQv8gZOWnqNa_FYDxQXxUH23Esc-xWR1VDJ9UFglQ46kCPjWwN3XhgMM8pSq8ivlcboG_sx-2cZfj1hyy13fg0lKz-67Qol3Hp15FPyEhmAteEMeTud9KAJas3K5qzMNB9iFHmAR8gxLajcmGGAKWrDS3lGgsu40XHtfxP9oe3m4aAiZJBncn3iknmAscgvMW6SzcNGTCrwwRX34T7py8EJNCEt0tjFMGmS3rLZBhLuwPOtpP4_VIbJWSgnI-4p3q7Gezrzy-_nF4JFwL7PxqGHIjFxNcUZu6kTrZX4b6VTVJVfSvLx9vqL5MaiHBartblxqrjp8_4v_hG-Q5SUJOd9E1zcriiBG1uAptbex5HqwNmGcenFpGf3hPeu_OD8RjYRSNR1bCUWwulubk0NQbmxdPYx2TKJMxEs8FQ&refId=r1L0a7DUxiYsis5qp17L0w%3D%3D&trackingId=buu31WOz9zlx6%2FSEHBgZBg%3D%3D&trk=flagship3_search_srp_jobs
"NOC Student
NOC Student with verification",Gong,https://www.linkedin.com/jobs/view/4240319086/?eBP=CwEAAAGXJej2Ew388MgE2pdf9oN_x1Abep8E22TsorKyrau_e254-KL92TR_7pXjCoKh6y8jER8qUGHwOXXWynwNGa5jJQxtcxEIdHTVcQ1xEiOD9HJS0kFv0NiWqL-blavqOnjYwAj2M9VdxJBji7YeVdxdGzZAZ3Zmn4SuwmklFgSI_nymodiWDjBqX9Se4csqhWNxMrYQ9UZvgt2ExzC3G4xMm5dWb6FDIsv6iNbflcEN1RkEXuwN55J1YL_3TcQvWloTvsfyP3M5Sgam1D-qFb0A9Q12601zYd9_lyRncIjLcUYvu1xb24e9FXlBNuUVuD8FnmYM1lUZXgJnD1LtOF6-QoSFuo-gJT4VIMUIHQCGwcq23wbDZJ8GXejjX9kaHOyx5II8yEoVbKh4-Lh_IDZx30P75HD0_F3MH3uO8T_Vyi2vhPhUfrLGM_Q-Ah7xcgGJYt9CNG4d0WkEO46XWm0n8ow-sGejza8kQhGLEIlToKRvwN-uo9KqrnjH1bqjsTJn3zfLtg&refId=AqKd2tsJomhVxPN9WMCdgg%3D%3D&trackingId=gB9OzxeQJsQ0UthbJnN60A%3D%3D&trk=flagship3_search_srp_jobs
"סטודנט.ית להנדסת מערכת
סטודנט.ית להנדסת מערכת with verification",Elbit Systems Israel,https://www.linkedin.com/jobs/view/4234999375/?eBP=CwEAAAGXJej2E3Mgxoa2hIwU9Zfxe9QOkuPKh7piuaYx71FNrF97EQqC__TkbvtXn0-9PHfExqDQC7CVg9RHlsNH1je0npXEx523O-ol-CGey2PKXRzMflWQ-gtKVe60s33cS9-PYrVA3Dw6S1_QCUV3zwSx4vVPPgJOs_L7_MpEi9aJ0ctwB35bq7O0XKClA6rLQ1Ua9YmGNYZrhieJ4ZoPoOeEijkuJxDBbkpMrfk7ngzlbXlfuYD8eM2RZvX5q6r5XRQTaqE4aWiaT7YL4Fjv8PEDGWZfErimne9YfZ7DJK0nvFywmIB9OgjpTdZR8wPEWWIf0BDCxVqooaTyHe7OCK76Vm9RnU4Bp1exowHTqRCzwLVvfCGgiuFAjsfMl0xCEzUkvAxCCx-r1vaFGuSQ84JO-Yk4n9alg3psv2sue3ubP1uA8DspiF0bAtV1hYFnG0NuBvLLnx9tHTXCmaeTeY075imQ9Uaq-STXU-QCV-zw6HhVicd9Cjkf64-Xpe54m6uPliA&refId=AqKd2tsJomhVxPN9WMCdgg%3D%3D&trackingId=bASXBZaNyEXAKPkAUeUfBQ%3D%3D&trk=flagship3_search_srp_jobs
"נציג/ת תמיכה טכנית - סטודנט/ית
נציג/ת תמיכה טכנית - סטודנט/ית",ISI - ImageSat International,https://www.linkedin.com/jobs/view/4235353345/?eBP=NOT_ELIGIBLE_FOR_CHARGING&refId=1q2xWobKxd6Iwn7O2b%2BT2w%3D%3D&trackingId=dPhEErpjLCUp3lh7wmNnhg%3D%3D&trk=flagship3_search_srp_jobs
"FULLSTACK DEVELOPER WANTED (PRE-SEED))
FULLSTACK DEVELOPER WANTED (PRE-SEED))",Folo Travel Ltd,https://www.linkedin.com/jobs/view/4232212063/?eBP=CwEAAAGXJekt0BMWtznoTgr8rw8SRSl1TxTOVvA2q5ei8wLS8zkQazzHjqrRFfzHvh6axAEDgzNGQ1SnHYY80e_QMSdcGBBGwxdZEM7U33TMlVokRUuujuUhxSaOXmAEzy1VDB44y5WJbWs3FDx27x9Cc_uzv4w65x3HySyhdHf6shj6hRodXPLBmNTv5mCaApKFTURH97beeroKCCIQzauElE1wVIGCkWfMmKyMC3HMicL8qCdh_It7Adumwc_WAR_OBOi_w3na__aUGeUpBChlUO7VkGE0djt7140IgWzTX8gbk7HbVdMRhgcmkCFtAMbQxXxgYdWpLgxmcu6aSObAxNVF1LRt03-_W1Ts5hWZEAQ3ud_pltMtJQsQWoD-iqCbZLo5GIv0I0zFvBlvIGrOlsnkqk0ODcyuTPWTnUP9UfKqwC5umRPkUp6pv4wcqWtxG5fm_BTyw_qH9dw&refId=1q2xWobKxd6Iwn7O2b%2BT2w%3D%3D&trackingId=tJmbqa4LfVQs6lTVXdwRIw%3D%3D&trk=flagship3_search_srp_jobs
"Software Engineer
Software Engineer",GSI Technology,https://www.linkedin.com/jobs/view/4240106511/?eBP=CwEAAAGXJekt0SwNutl0hTHKHimhiGB_b1BM1UDl9q9HOKURJD4z-Usu-lSFvEhPd3m09b0nIbdUfPM_5qAwNVPUKgGIltTe9R1eKuaXHYKLVtzsQuAXCUlqaTFkt5C1VwkiAZs8UOTEXxZML9Jdwl7qfmKEb14BMJQRg4lNWa1QeMKtGL0OaaDqzvrgcutHluHnv7Qv8y6ObhM9mTE9VgdbPd32hKhGWK9a3oZ3e7xVZCqMMfJ9CDprm8YUe9IjZDTdDIyMFb7cel_Zgm79Dv8bpN96Ha3dK2y6u-yCSGab_SbswYSQbnzWq5vUuWYnxoEUAn1tXu4Sy8kEJYXF1H1wqU69Bzv0ZwJ6h0eotFijgtbxUUVxoMo5tyL5K60Hii3XFWbepvlh67BL0iQj7_zTIiLqGQdSNwAb-6oaTZ4i7SlrvXGjj24GTNqfeEfH1ME6CkLmJy6nsD0x5E4U&refId=1q2xWobKxd6Iwn7O2b%2BT2w%3D%3D&trackingId=BJ6A8GdFSKgtAkzcBYc6OA%3D%3D&trk=flagship3_search_srp_jobs
